id_campana,fecha_metrica,plataforma_origen,inversion_usd,clics,impresiones,conversiones_atribuidas,moneda,etl_source_file,etl_loaded_at
CAMP_001,2024-01-05,Meta Ads,91.08,1089,123239,50,USD,ads_insights_diario.csv,2026-05-30 00:00:00
CAMP_001,2024-01-06,Meta Ads,84.12,910,93013,25,USD,ads_insights_diario.csv,2026-05-30 00:00:00
CAMP_001,2024-01-07,Meta Ads,95.93,1373,86962,68,USD,ads_insights_diario.csv,2026-05-30 00:00:00
CAMP_001,2024-01-08,Meta Ads,138.49,1649,98897,75,USD,ads_insights_diario.csv,2026-05-30 00:00:00
CAMP_001,2024-01-09,Meta Ads,121.23,1475,158841,60,USD,ads_insights_diario.csv,2026-05-30 00:00:00
CAMP_001,2024-01-10,Meta Ads,94.82,1091,73147,58,USD,ads_insights_diario.csv,2026-05-30 00:00:00
CAMP_001,2024-01-11,Meta Ads,99.17,1372,103533,55,USD,ads_insights_diario.csv,2026-05-30 00:00:00
CAMP_001,2024-01-12,Meta Ads,51.23,594,36924,21,USD,ads_insights_diario.csv,2026-05-30 00:00:00
CAMP_001,2024-01-13,Meta Ads,108.07,1205,77242,61,USD,ads_insights_diario.csv,2026-05-30 00:00:00
CAMP_001,2024-01-14,Meta Ads,77.30,1152,120225,26,USD,ads_insights_diario.csv,2026-05-30 00:00:00
CAMP_001,2024-01-15,Meta Ads,72.76,933,102515,46,USD,ads_insights_diario.csv,2026-05-30 00:00:00
CAMP_001,2024-01-16,Meta Ads,114.86,1403,84907,44,USD,ads_insights_diario.csv,2026-05-30 00:00:00
CAMP_001,2024-01-17,Meta Ads,70.25,827,84709,12,USD,ads_insights_diario.csv,2026-05-30 00:00:00
CAMP_001,2024-01-18,Meta Ads,124.49,1536,106352,77,USD,ads_insights_diario.csv,2026-05-30 00:00:00
CAMP_001,2024-01-19,Meta Ads,105.44,1497,97970,54,USD,ads_insights_diario.csv,2026-05-30 00:00:00
CAMP_001,2024-01-20,Meta Ads,88.11,981,79382,46,USD,ads_insights_diario.csv,2026-05-30 00:00:00
CAMP_001,2024-01-21,Meta Ads,37.59,527,46987,11,USD,ads_insights_diario.csv,2026-05-30 00:00:00
CAMP_001,2024-01-22,Meta Ads,84.98,1191,128821,29,USD,ads_insights_diario.csv,2026-05-30 00:00:00
CAMP_001,2024-01-23,Meta Ads,87.53,1189,85726,47,USD,ads_insights_diario.csv,2026-05-30 00:00:00
CAMP_001,2024-01-24,Meta Ads,65.17,919,74359,49,USD,ads_insights_diario.csv,2026-05-30 00:00:00
CAMP_001,2024-01-25,Meta Ads,76.20,853,60218,15,USD,ads_insights_diario.csv,2026-05-30 00:00:00
CAMP_001,2024-01-26,Meta Ads,111.58,1583,153565,76,USD,ads_insights_diario.csv,2026-05-30 00:00:00
CAMP_001,2024-01-27,Meta Ads,124.40,1524,138992,35,USD,ads_insights_diario.csv,2026-05-30 00:00:00
CAMP_001,2024-01-28,Meta Ads,0.00,0,0,0,USD,ads_insights_diario.csv,2026-05-30 00:00:00
CAMP_002,2024-01-05,Google Ads,89.99,520,15580,21,USD,ads_insights_diario.csv,2026-05-30 00:00:00
CAMP_002,2024-01-06,Google Ads,100.09,533,21047,17,USD,ads_insights_diario.csv,2026-05-30 00:00:00
CAMP_002,2024-01-07,Google Ads,78.36,621,31948,19,USD,ads_insights_diario.csv,2026-05-30 00:00:00
CAMP_002,2024-01-08,Google Ads,0.00,0,0,0,USD,ads_insights_diario.csv,2026-05-30 00:00:00
CAMP_002,2024-01-09,Google Ads,94.55,731,23815,34,USD,ads_insights_diario.csv,2026-05-30 00:00:00
CAMP_002,2024-01-10,Google Ads,0.00,0,0,0,USD,ads_insights_diario.csv,2026-05-30 00:00:00
CAMP_002,2024-01-11,Google Ads,98.22,748,38417,32,USD,ads_insights_diario.csv,2026-05-30 00:00:00
CAMP_002,2024-01-12,Google Ads,62.36,329,15138,5,USD,ads_insights_diario.csv,2026-05-30 00:00:00
CAMP_002,2024-01-13,Google Ads,33.89,199,8747,8,USD,ads_insights_diario.csv,2026-05-30 00:00:00
CAMP_002,2024-01-14,Google Ads,0.00,0,0,0,USD,ads_insights_diario.csv,2026-05-30 00:00:00
CAMP_002,2024-01-15,Google Ads,102.46,569,30134,13,USD,ads_insights_diario.csv,2026-05-30 00:00:00
CAMP_002,2024-01-16,Google Ads,122.60,625,22563,34,USD,ads_insights_diario.csv,2026-05-30 00:00:00
CAMP_002,2024-01-17,Google Ads,0.00,0,0,0,USD,ads_insights_diario.csv,2026-05-30 00:00:00
CAMP_002,2024-01-18,Google Ads,117.84,622,18612,25,USD,ads_insights_diario.csv,2026-05-30 00:00:00
CAMP_002,2024-01-19,Google Ads,96.11,571,22744,26,USD,ads_insights_diario.csv,2026-05-30 00:00:00
CAMP_002,2024-01-20,Google Ads,140.77,1080,42756,42,USD,ads_insights_diario.csv,2026-05-30 00:00:00
CAMP_002,2024-01-21,Google Ads,106.61,608,22972,11,USD,ads_insights_diario.csv,2026-05-30 00:00:00
CAMP_003,2024-01-03,TikTok Ads,79.02,1276,61293,67,USD,ads_insights_diario.csv,2026-05-30 00:00:00
CAMP_003,2024-01-04,TikTok Ads,69.98,1207,89448,30,USD,ads_insights_diario.csv,2026-05-30 00:00:00
CAMP_003,2024-01-05,TikTok Ads,60.53,971,73699,20,USD,ads_insights_diario.csv,2026-05-30 00:00:00
CAMP_003,2024-01-06,TikTok Ads,55.31,944,58500,21,USD,ads_insights_diario.csv,2026-05-30 00:00:00
CAMP_003,2024-01-07,TikTok Ads,19.46,244,19217,5,USD,ads_insights_diario.csv,2026-05-30 00:00:00
CAMP_003,2024-01-08,TikTok Ads,69.39,1134,69579,59,USD,ads_insights_diario.csv,2026-05-30 00:00:00
CAMP_003,2024-01-09,TikTok Ads,45.19,594,29153,11,USD,ads_insights_diario.csv,2026-05-30 00:00:00
CAMP_003,2024-01-10,TikTok Ads,56.19,910,42427,49,USD,ads_insights_diario.csv,2026-05-30 00:00:00
CAMP_003,2024-01-11,TikTok Ads,19.95,290,16503,9,USD,ads_insights_diario.csv,2026-05-30 00:00:00
CAMP_003,2024-01-12,TikTok Ads,64.56,1101,66734,52,USD,ads_insights_diario.csv,2026-05-30 00:00:00
CAMP_003,2024-01-13,TikTok Ads,50.30,938,74328,37,USD,ads_insights_diario.csv,2026-05-30 00:00:00
CAMP_003,2024-01-14,TikTok Ads,59.09,789,45250,26,USD,ads_insights_diario.csv,2026-05-30 00:00:00
CAMP_003,2024-01-15,TikTok Ads,46.29,620,34678,27,USD,ads_insights_diario.csv,2026-05-30 00:00:00
CAMP_003,2024-01-16,TikTok Ads,66.00,1160,67598,44,USD,ads_insights_diario.csv,2026-05-30 00:00:00
CAMP_004,2024-02-03,Meta Ads,0.00,0,0,0,USD,ads_insights_diario.csv,2026-05-30 00:00:00
CAMP_004,2024-02-04,Meta Ads,131.19,1318,82474,23,USD,ads_insights_diario.csv,2026-05-30 00:00:00
CAMP_004,2024-02-05,Meta Ads,109.54,1114,131084,35,USD,ads_insights_diario.csv,2026-05-30 00:00:00
CAMP_004,2024-02-06,Meta Ads,105.40,1014,107492,37,USD,ads_insights_diario.csv,2026-05-30 00:00:00
CAMP_004,2024-02-07,Meta Ads,55.81,752,54181,36,USD,ads_insights_diario.csv,2026-05-30 00:00:00
CAMP_004,2024-02-08,Meta Ads,93.41,1020,92955,47,USD,ads_insights_diario.csv,2026-05-30 00:00:00
CAMP_004,2024-02-09,Meta Ads,162.21,2249,146913,110,USD,ads_insights_diario.csv,2026-05-30 00:00:00
CAMP_004,2024-02-10,Meta Ads,101.24,1280,111131,49,USD,ads_insights_diario.csv,2026-05-30 00:00:00
CAMP_004,2024-02-11,Meta Ads,131.20,1738,150525,37,USD,ads_insights_diario.csv,2026-05-30 00:00:00
CAMP_004,2024-02-12,Meta Ads,89.04,1007,103841,16,USD,ads_insights_diario.csv,2026-05-30 00:00:00
CAMP_004,2024-02-13,Meta Ads,98.98,1282,113843,22,USD,ads_insights_diario.csv,2026-05-30 00:00:00
CAMP_004,2024-02-14,Meta Ads,62.36,797,69530,18,USD,ads_insights_diario.csv,2026-05-30 00:00:00
CAMP_004,2024-02-15,Meta Ads,84.44,1007,71007,20,USD,ads_insights_diario.csv,2026-05-30 00:00:00
CAMP_004,2024-02-16,Meta Ads,100.23,1483,127544,24,USD,ads_insights_diario.csv,2026-05-30 00:00:00
CAMP_004,2024-02-17,Meta Ads,0.00,0,0,0,USD,ads_insights_diario.csv,2026-05-30 00:00:00
CAMP_004,2024-02-18,Meta Ads,56.99,571,34754,15,USD,ads_insights_diario.csv,2026-05-30 00:00:00
CAMP_004,2024-02-19,Meta Ads,103.56,1322,86155,71,USD,ads_insights_diario.csv,2026-05-30 00:00:00
CAMP_005,2024-02-02,Google Ads,49.07,325,16091,12,USD,ads_insights_diario.csv,2026-05-30 00:00:00
CAMP_005,2024-02-03,Google Ads,54.75,398,12403,12,USD,ads_insights_diario.csv,2026-05-30 00:00:00
CAMP_005,2024-02-04,Google Ads,60.71,314,13365,8,USD,ads_insights_diario.csv,2026-05-30 00:00:00
CAMP_005,2024-02-05,Google Ads,62.60,417,17686,15,USD,ads_insights_diario.csv,2026-05-30 00:00:00
CAMP_005,2024-02-06,Google Ads,84.65,547,22298,29,USD,ads_insights_diario.csv,2026-05-30 00:00:00
CAMP_005,2024-02-07,Google Ads,62.95,432,15729,17,USD,ads_insights_diario.csv,2026-05-30 00:00:00
CAMP_005,2024-02-08,Google Ads,0.00,0,0,0,USD,ads_insights_diario.csv,2026-05-30 00:00:00
CAMP_005,2024-02-09,Google Ads,62.38,492,14723,21,USD,ads_insights_diario.csv,2026-05-30 00:00:00
CAMP_005,2024-02-10,Google Ads,110.01,810,41149,37,USD,ads_insights_diario.csv,2026-05-30 00:00:00
CAMP_005,2024-02-11,Google Ads,90.39,689,20252,14,USD,ads_insights_diario.csv,2026-05-30 00:00:00
CAMP_005,2024-02-12,Google Ads,106.08,805,28953,24,USD,ads_insights_diario.csv,2026-05-30 00:00:00
CAMP_005,2024-02-13,Google Ads,84.65,474,15373,14,USD,ads_insights_diario.csv,2026-05-30 00:00:00
CAMP_005,2024-02-14,Google Ads,40.38,306,8827,9,USD,ads_insights_diario.csv,2026-05-30 00:00:00
CAMP_005,2024-02-15,Google Ads,158.32,1154,41907,61,USD,ads_insights_diario.csv,2026-05-30 00:00:00
CAMP_005,2024-02-16,Google Ads,87.73,554,17140,28,USD,ads_insights_diario.csv,2026-05-30 00:00:00
CAMP_005,2024-02-17,Google Ads,0.00,0,0,0,USD,ads_insights_diario.csv,2026-05-30 00:00:00
CAMP_005,2024-02-18,Google Ads,140.43,710,27471,30,USD,ads_insights_diario.csv,2026-05-30 00:00:00
CAMP_005,2024-02-19,Google Ads,96.59,683,34403,18,USD,ads_insights_diario.csv,2026-05-30 00:00:00
CAMP_005,2024-02-20,Google Ads,117.87,663,19354,10,USD,ads_insights_diario.csv,2026-05-30 00:00:00
CAMP_005,2024-02-21,Google Ads,77.69,546,17063,14,USD,ads_insights_diario.csv,2026-05-30 00:00:00
CAMP_005,2024-02-22,Google Ads,101.90,739,23872,30,USD,ads_insights_diario.csv,2026-05-30 00:00:00
CAMP_005,2024-02-23,Google Ads,108.09,814,28826,15,USD,ads_insights_diario.csv,2026-05-30 00:00:00
CAMP_005,2024-02-24,Google Ads,81.28,505,27070,14,USD,ads_insights_diario.csv,2026-05-30 00:00:00
CAMP_006,2024-02-03,TikTok Ads,60.93,1131,46086,20,USD,ads_insights_diario.csv,2026-05-30 00:00:00
CAMP_006,2024-02-04,TikTok Ads,59.26,774,40935,36,USD,ads_insights_diario.csv,2026-05-30 00:00:00
CAMP_006,2024-02-05,TikTok Ads,66.68,858,63468,26,USD,ads_insights_diario.csv,2026-05-30 00:00:00
CAMP_006,2024-02-06,TikTok Ads,45.59,844,34720,26,USD,ads_insights_diario.csv,2026-05-30 00:00:00
CAMP_006,2024-02-07,TikTok Ads,49.01,730,39240,17,USD,ads_insights_diario.csv,2026-05-30 00:00:00
CAMP_006,2024-02-08,TikTok Ads,63.96,971,46767,19,USD,ads_insights_diario.csv,2026-05-30 00:00:00
CAMP_006,2024-02-09,TikTok Ads,63.65,1035,56675,39,USD,ads_insights_diario.csv,2026-05-30 00:00:00
CAMP_006,2024-02-10,TikTok Ads,48.84,699,32367,33,USD,ads_insights_diario.csv,2026-05-30 00:00:00
CAMP_006,2024-02-11,TikTok Ads,64.01,1065,55601,22,USD,ads_insights_diario.csv,2026-05-30 00:00:00
CAMP_006,2024-02-12,TikTok Ads,55.86,817,57187,32,USD,ads_insights_diario.csv,2026-05-30 00:00:00
CAMP_006,2024-02-13,TikTok Ads,0.00,0,0,0,USD,ads_insights_diario.csv,2026-05-30 00:00:00
CAMP_006,2024-02-14,TikTok Ads,0.00,0,0,0,USD,ads_insights_diario.csv,2026-05-30 00:00:00
CAMP_006,2024-02-15,TikTok Ads,0.00,0,0,0,USD,ads_insights_diario.csv,2026-05-30 00:00:00
CAMP_006,2024-02-16,TikTok Ads,76.84,1019,59455,26,USD,ads_insights_diario.csv,2026-05-30 00:00:00
CAMP_006,2024-02-17,TikTok Ads,48.78,724,32119,36,USD,ads_insights_diario.csv,2026-05-30 00:00:00
CAMP_006,2024-02-18,TikTok Ads,73.87,1457,106156,61,USD,ads_insights_diario.csv,2026-05-30 00:00:00
CAMP_006,2024-02-19,TikTok Ads,61.68,950,46178,40,USD,ads_insights_diario.csv,2026-05-30 00:00:00
CAMP_006,2024-02-20,TikTok Ads,78.77,1434,58340,61,USD,ads_insights_diario.csv,2026-05-30 00:00:00
CAMP_006,2024-02-21,TikTok Ads,81.63,1084,48282,44,USD,ads_insights_diario.csv,2026-05-30 00:00:00
CAMP_006,2024-02-22,TikTok Ads,60.24,979,54231,32,USD,ads_insights_diario.csv,2026-05-30 00:00:00
CAMP_006,2024-02-23,TikTok Ads,56.47,862,49943,14,USD,ads_insights_diario.csv,2026-05-30 00:00:00
CAMP_006,2024-02-24,TikTok Ads,62.05,1171,76680,48,USD,ads_insights_diario.csv,2026-05-30 00:00:00
CAMP_006,2024-02-25,TikTok Ads,82.22,1570,102491,66,USD,ads_insights_diario.csv,2026-05-30 00:00:00
CAMP_006,2024-02-26,TikTok Ads,37.97,660,30128,18,USD,ads_insights_diario.csv,2026-05-30 00:00:00
CAMP_006,2024-02-27,TikTok Ads,81.23,1256,58184,28,USD,ads_insights_diario.csv,2026-05-30 00:00:00
CAMP_006,2024-02-28,TikTok Ads,60.07,777,55479,27,USD,ads_insights_diario.csv,2026-05-30 00:00:00
CAMP_007,2024-03-03,Meta Ads,132.39,1863,218574,56,USD,ads_insights_diario.csv,2026-05-30 00:00:00
CAMP_007,2024-03-04,Meta Ads,105.60,1230,95646,47,USD,ads_insights_diario.csv,2026-05-30 00:00:00
CAMP_007,2024-03-05,Meta Ads,0.00,0,0,0,USD,ads_insights_diario.csv,2026-05-30 00:00:00
CAMP_007,2024-03-06,Meta Ads,176.00,2416,162228,86,USD,ads_insights_diario.csv,2026-05-30 00:00:00
CAMP_007,2024-03-07,Meta Ads,124.06,1250,146329,57,USD,ads_insights_diario.csv,2026-05-30 00:00:00
CAMP_007,2024-03-08,Meta Ads,108.34,1026,94442,47,USD,ads_insights_diario.csv,2026-05-30 00:00:00
CAMP_007,2024-03-09,Meta Ads,126.38,1432,124277,21,USD,ads_insights_diario.csv,2026-05-30 00:00:00
CAMP_007,2024-03-10,Meta Ads,138.18,1953,227140,99,USD,ads_insights_diario.csv,2026-05-30 00:00:00
CAMP_007,2024-03-11,Meta Ads,79.16,1089,88918,33,USD,ads_insights_diario.csv,2026-05-30 00:00:00
CAMP_007,2024-03-12,Meta Ads,107.42,1156,92730,51,USD,ads_insights_diario.csv,2026-05-30 00:00:00
CAMP_007,2024-03-13,Meta Ads,114.97,1115,67799,58,USD,ads_insights_diario.csv,2026-05-30 00:00:00
CAMP_007,2024-03-14,Meta Ads,0.00,0,0,0,USD,ads_insights_diario.csv,2026-05-30 00:00:00
CAMP_007,2024-03-15,Meta Ads,122.95,1249,91647,57,USD,ads_insights_diario.csv,2026-05-30 00:00:00
CAMP_008,2024-03-03,Google Ads,68.56,473,19470,19,USD,ads_insights_diario.csv,2026-05-30 00:00:00
CAMP_008,2024-03-04,Google Ads,96.61,583,17373,15,USD,ads_insights_diario.csv,2026-05-30 00:00:00
CAMP_008,2024-03-05,Google Ads,117.52,609,30332,9,USD,ads_insights_diario.csv,2026-05-30 00:00:00
CAMP_008,2024-03-06,Google Ads,95.37,604,30428,32,USD,ads_insights_diario.csv,2026-05-30 00:00:00
CAMP_008,2024-03-07,Google Ads,59.30,417,22140,10,USD,ads_insights_diario.csv,2026-05-30 00:00:00
CAMP_008,2024-03-08,Google Ads,97.64,622,22981,20,USD,ads_insights_diario.csv,2026-05-30 00:00:00
CAMP_008,2024-03-09,Google Ads,0.00,0,0,0,USD,ads_insights_diario.csv,2026-05-30 00:00:00
CAMP_008,2024-03-10,Google Ads,83.71,632,29078,33,USD,ads_insights_diario.csv,2026-05-30 00:00:00
CAMP_008,2024-03-11,Google Ads,96.15,606,21730,10,USD,ads_insights_diario.csv,2026-05-30 00:00:00
CAMP_008,2024-03-12,Google Ads,103.83,824,39564,38,USD,ads_insights_diario.csv,2026-05-30 00:00:00
CAMP_008,2024-03-13,Google Ads,98.11,713,35072,24,USD,ads_insights_diario.csv,2026-05-30 00:00:00
CAMP_008,2024-03-14,Google Ads,103.61,594,20689,24,USD,ads_insights_diario.csv,2026-05-30 00:00:00
CAMP_008,2024-03-15,Google Ads,104.00,675,38110,10,USD,ads_insights_diario.csv,2026-05-30 00:00:00
CAMP_008,2024-03-16,Google Ads,62.82,488,22695,19,USD,ads_insights_diario.csv,2026-05-30 00:00:00
CAMP_008,2024-03-17,Google Ads,82.49,592,30882,19,USD,ads_insights_diario.csv,2026-05-30 00:00:00
CAMP_009,2024-03-05,TikTok Ads,0.00,0,0,0,USD,ads_insights_diario.csv,2026-05-30 00:00:00
CAMP_009,2024-03-06,TikTok Ads,61.57,1194,47541,20,USD,ads_insights_diario.csv,2026-05-30 00:00:00
CAMP_009,2024-03-07,TikTok Ads,56.18,858,48902,38,USD,ads_insights_diario.csv,2026-05-30 00:00:00
CAMP_009,2024-03-08,TikTok Ads,35.29,507,25726,14,USD,ads_insights_diario.csv,2026-05-30 00:00:00
CAMP_009,2024-03-09,TikTok Ads,83.93,1200,79925,62,USD,ads_insights_diario.csv,2026-05-30 00:00:00
CAMP_009,2024-03-10,TikTok Ads,62.38,797,61054,17,USD,ads_insights_diario.csv,2026-05-30 00:00:00
CAMP_009,2024-03-11,TikTok Ads,50.79,742,30192,28,USD,ads_insights_diario.csv,2026-05-30 00:00:00
CAMP_009,2024-03-12,TikTok Ads,97.79,1778,110028,51,USD,ads_insights_diario.csv,2026-05-30 00:00:00
CAMP_009,2024-03-13,TikTok Ads,42.86,840,35225,26,USD,ads_insights_diario.csv,2026-05-30 00:00:00
CAMP_009,2024-03-14,TikTok Ads,60.71,852,42497,19,USD,ads_insights_diario.csv,2026-05-30 00:00:00
CAMP_009,2024-03-15,TikTok Ads,92.14,1742,114536,31,USD,ads_insights_diario.csv,2026-05-30 00:00:00
CAMP_009,2024-03-16,TikTok Ads,21.42,402,23949,17,USD,ads_insights_diario.csv,2026-05-30 00:00:00
CAMP_009,2024-03-17,TikTok Ads,71.20,1239,85388,61,USD,ads_insights_diario.csv,2026-05-30 00:00:00
CAMP_010,2024-04-05,Meta Ads,50.60,485,51192,22,USD,ads_insights_diario.csv,2026-05-30 00:00:00
CAMP_010,2024-04-06,Meta Ads,0.00,0,0,0,USD,ads_insights_diario.csv,2026-05-30 00:00:00
CAMP_010,2024-04-07,Meta Ads,84.32,899,106866,39,USD,ads_insights_diario.csv,2026-05-30 00:00:00
CAMP_010,2024-04-08,Meta Ads,74.55,792,56694,35,USD,ads_insights_diario.csv,2026-05-30 00:00:00
CAMP_010,2024-04-09,Meta Ads,85.75,960,66731,45,USD,ads_insights_diario.csv,2026-05-30 00:00:00
CAMP_010,2024-04-10,Meta Ads,134.94,1546,96768,73,USD,ads_insights_diario.csv,2026-05-30 00:00:00
CAMP_010,2024-04-11,Meta Ads,139.27,1367,105366,59,USD,ads_insights_diario.csv,2026-05-30 00:00:00
CAMP_010,2024-04-12,Meta Ads,43.84,603,45325,32,USD,ads_insights_diario.csv,2026-05-30 00:00:00
CAMP_010,2024-04-13,Meta Ads,50.72,692,74720,24,USD,ads_insights_diario.csv,2026-05-30 00:00:00
CAMP_010,2024-04-14,Meta Ads,117.80,1349,83084,64,USD,ads_insights_diario.csv,2026-05-30 00:00:00
CAMP_010,2024-04-15,Meta Ads,126.29,1838,129121,81,USD,ads_insights_diario.csv,2026-05-30 00:00:00
CAMP_010,2024-04-16,Meta Ads,124.67,1361,89661,31,USD,ads_insights_diario.csv,2026-05-30 00:00:00
CAMP_010,2024-04-17,Meta Ads,60.02,851,59552,37,USD,ads_insights_diario.csv,2026-05-30 00:00:00
CAMP_011,2024-04-04,Google Ads,51.17,401,15314,12,USD,ads_insights_diario.csv,2026-05-30 00:00:00
CAMP_011,2024-04-05,Google Ads,91.91,565,31492,27,USD,ads_insights_diario.csv,2026-05-30 00:00:00
CAMP_011,2024-04-06,Google Ads,0.00,0,0,0,USD,ads_insights_diario.csv,2026-05-30 00:00:00
CAMP_011,2024-04-07,Google Ads,50.62,377,13930,20,USD,ads_insights_diario.csv,2026-05-30 00:00:00
CAMP_011,2024-04-08,Google Ads,0.00,0,0,0,USD,ads_insights_diario.csv,2026-05-30 00:00:00
CAMP_011,2024-04-09,Google Ads,69.99,465,19026,9,USD,ads_insights_diario.csv,2026-05-30 00:00:00
CAMP_011,2024-04-10,Google Ads,89.97,492,21464,13,USD,ads_insights_diario.csv,2026-05-30 00:00:00
CAMP_011,2024-04-11,Google Ads,88.52,509,17900,19,USD,ads_insights_diario.csv,2026-05-30 00:00:00
CAMP_011,2024-04-12,Google Ads,93.17,719,40592,30,USD,ads_insights_diario.csv,2026-05-30 00:00:00
CAMP_011,2024-04-13,Google Ads,78.94,467,19723,18,USD,ads_insights_diario.csv,2026-05-30 00:00:00
CAMP_011,2024-04-14,Google Ads,63.12,454,18470,8,USD,ads_insights_diario.csv,2026-05-30 00:00:00
CAMP_011,2024-04-15,Google Ads,61.99,437,18740,7,USD,ads_insights_diario.csv,2026-05-30 00:00:00
CAMP_011,2024-04-16,Google Ads,99.85,782,27218,32,USD,ads_insights_diario.csv,2026-05-30 00:00:00
CAMP_011,2024-04-17,Google Ads,51.36,372,19300,9,USD,ads_insights_diario.csv,2026-05-30 00:00:00
CAMP_011,2024-04-18,Google Ads,94.40,594,17139,10,USD,ads_insights_diario.csv,2026-05-30 00:00:00
CAMP_012,2024-04-01,TikTok Ads,31.05,414,23409,18,USD,ads_insights_diario.csv,2026-05-30 00:00:00
CAMP_012,2024-04-02,TikTok Ads,51.85,812,47859,25,USD,ads_insights_diario.csv,2026-05-30 00:00:00
CAMP_012,2024-04-03,TikTok Ads,42.08,610,37603,25,USD,ads_insights_diario.csv,2026-05-30 00:00:00
CAMP_012,2024-04-04,TikTok Ads,44.24,753,55490,13,USD,ads_insights_diario.csv,2026-05-30 00:00:00
CAMP_012,2024-04-05,TikTok Ads,55.16,937,45801,38,USD,ads_insights_diario.csv,2026-05-30 00:00:00
CAMP_012,2024-04-06,TikTok Ads,58.50,737,29766,18,USD,ads_insights_diario.csv,2026-05-30 00:00:00
CAMP_012,2024-04-07,TikTok Ads,77.69,1153,71991,44,USD,ads_insights_diario.csv,2026-05-30 00:00:00
CAMP_012,2024-04-08,TikTok Ads,74.02,1450,104058,30,USD,ads_insights_diario.csv,2026-05-30 00:00:00
CAMP_012,2024-04-09,TikTok Ads,48.82,866,40908,27,USD,ads_insights_diario.csv,2026-05-30 00:00:00
CAMP_012,2024-04-10,TikTok Ads,0.00,0,0,0,USD,ads_insights_diario.csv,2026-05-30 00:00:00
CAMP_012,2024-04-11,TikTok Ads,64.36,1209,80731,50,USD,ads_insights_diario.csv,2026-05-30 00:00:00
CAMP_012,2024-04-12,TikTok Ads,50.77,673,52971,21,USD,ads_insights_diario.csv,2026-05-30 00:00:00
CAMP_012,2024-04-13,TikTok Ads,57.10,899,56684,29,USD,ads_insights_diario.csv,2026-05-30 00:00:00
CAMP_012,2024-04-14,TikTok Ads,47.95,602,30059,23,USD,ads_insights_diario.csv,2026-05-30 00:00:00
CAMP_012,2024-04-15,TikTok Ads,33.65,443,29316,22,USD,ads_insights_diario.csv,2026-05-30 00:00:00
CAMP_012,2024-04-16,TikTok Ads,65.31,823,52321,19,USD,ads_insights_diario.csv,2026-05-30 00:00:00
CAMP_012,2024-04-17,TikTok Ads,0.00,0,0,0,USD,ads_insights_diario.csv,2026-05-30 00:00:00
CAMP_012,2024-04-18,TikTok Ads,44.05,772,56671,40,USD,ads_insights_diario.csv,2026-05-30 00:00:00
CAMP_013,2024-05-01,Meta Ads,107.42,1570,121032,36,USD,ads_insights_diario.csv,2026-05-30 00:00:00
CAMP_013,2024-05-02,Meta Ads,106.27,1440,98640,51,USD,ads_insights_diario.csv,2026-05-30 00:00:00
CAMP_013,2024-05-03,Meta Ads,91.22,1155,89382,29,USD,ads_insights_diario.csv,2026-05-30 00:00:00
CAMP_013,2024-05-04,Meta Ads,79.05,1139,81367,52,USD,ads_insights_diario.csv,2026-05-30 00:00:00
CAMP_013,2024-05-05,Meta Ads,150.36,2006,167280,65,USD,ads_insights_diario.csv,2026-05-30 00:00:00
CAMP_013,2024-05-06,Meta Ads,77.78,1138,127326,54,USD,ads_insights_diario.csv,2026-05-30 00:00:00
CAMP_013,2024-05-07,Meta Ads,0.00,0,0,0,USD,ads_insights_diario.csv,2026-05-30 00:00:00
CAMP_013,2024-05-08,Meta Ads,0.00,0,0,0,USD,ads_insights_diario.csv,2026-05-30 00:00:00
CAMP_013,2024-05-09,Meta Ads,107.86,1408,133006,30,USD,ads_insights_diario.csv,2026-05-30 00:00:00
CAMP_013,2024-05-10,Meta Ads,85.07,831,83438,34,USD,ads_insights_diario.csv,2026-05-30 00:00:00
CAMP_013,2024-05-11,Meta Ads,102.60,1025,94651,28,USD,ads_insights_diario.csv,2026-05-30 00:00:00
CAMP_013,2024-05-12,Meta Ads,99.42,1220,94583,35,USD,ads_insights_diario.csv,2026-05-30 00:00:00
CAMP_013,2024-05-13,Meta Ads,127.77,1419,88269,75,USD,ads_insights_diario.csv,2026-05-30 00:00:00
CAMP_013,2024-05-14,Meta Ads,82.53,938,74165,49,USD,ads_insights_diario.csv,2026-05-30 00:00:00
CAMP_013,2024-05-15,Meta Ads,127.02,1329,85115,55,USD,ads_insights_diario.csv,2026-05-30 00:00:00
CAMP_013,2024-05-16,Meta Ads,41.27,586,39901,19,USD,ads_insights_diario.csv,2026-05-30 00:00:00
CAMP_013,2024-05-17,Meta Ads,68.72,713,50108,17,USD,ads_insights_diario.csv,2026-05-30 00:00:00
CAMP_013,2024-05-18,Meta Ads,103.25,1063,126296,46,USD,ads_insights_diario.csv,2026-05-30 00:00:00
CAMP_014,2024-05-02,Google Ads,78.60,412,23100,8,USD,ads_insights_diario.csv,2026-05-30 00:00:00
CAMP_014,2024-05-03,Google Ads,118.02,675,28481,12,USD,ads_insights_diario.csv,2026-05-30 00:00:00
CAMP_014,2024-05-04,Google Ads,80.73,463,25013,14,USD,ads_insights_diario.csv,2026-05-30 00:00:00
CAMP_014,2024-05-05,Google Ads,38.71,219,6385,8,USD,ads_insights_diario.csv,2026-05-30 00:00:00
CAMP_014,2024-05-06,Google Ads,32.68,216,7275,9,USD,ads_insights_diario.csv,2026-05-30 00:00:00
CAMP_014,2024-05-07,Google Ads,114.69,745,30150,37,USD,ads_insights_diario.csv,2026-05-30 00:00:00
CAMP_014,2024-05-08,Google Ads,91.14,621,31762,17,USD,ads_insights_diario.csv,2026-05-30 00:00:00
CAMP_014,2024-05-09,Google Ads,132.39,936,44340,28,USD,ads_insights_diario.csv,2026-05-30 00:00:00
CAMP_014,2024-05-10,Google Ads,74.67,467,26210,21,USD,ads_insights_diario.csv,2026-05-30 00:00:00
CAMP_014,2024-05-11,Google Ads,0.00,0,0,0,USD,ads_insights_diario.csv,2026-05-30 00:00:00
CAMP_014,2024-05-12,Google Ads,110.34,554,18368,20,USD,ads_insights_diario.csv,2026-05-30 00:00:00
CAMP_014,2024-05-13,Google Ads,102.63,766,23745,26,USD,ads_insights_diario.csv,2026-05-30 00:00:00
CAMP_014,2024-05-14,Google Ads,102.62,569,17528,28,USD,ads_insights_diario.csv,2026-05-30 00:00:00
CAMP_014,2024-05-15,Google Ads,64.74,338,13916,15,USD,ads_insights_diario.csv,2026-05-30 00:00:00
CAMP_014,2024-05-16,Google Ads,0.00,0,0,0,USD,ads_insights_diario.csv,2026-05-30 00:00:00
CAMP_014,2024-05-17,Google Ads,82.25,650,34824,26,USD,ads_insights_diario.csv,2026-05-30 00:00:00
CAMP_014,2024-05-18,Google Ads,71.31,449,12846,16,USD,ads_insights_diario.csv,2026-05-30 00:00:00
CAMP_014,2024-05-19,Google Ads,65.18,368,15570,11,USD,ads_insights_diario.csv,2026-05-30 00:00:00
CAMP_014,2024-05-20,Google Ads,73.43,526,18142,22,USD,ads_insights_diario.csv,2026-05-30 00:00:00
CAMP_014,2024-05-21,Google Ads,0.00,0,0,0,USD,ads_insights_diario.csv,2026-05-30 00:00:00
CAMP_014,2024-05-22,Google Ads,70.17,513,18931,9,USD,ads_insights_diario.csv,2026-05-30 00:00:00
CAMP_014,2024-05-23,Google Ads,75.25,508,16290,22,USD,ads_insights_diario.csv,2026-05-30 00:00:00
CAMP_014,2024-05-24,Google Ads,86.41,606,21369,27,USD,ads_insights_diario.csv,2026-05-30 00:00:00
CAMP_014,2024-05-25,Google Ads,107.16,598,18076,26,USD,ads_insights_diario.csv,2026-05-30 00:00:00
CAMP_014,2024-05-26,Google Ads,85.41,594,17967,22,USD,ads_insights_diario.csv,2026-05-30 00:00:00
CAMP_014,2024-05-27,Google Ads,83.78,458,17756,19,USD,ads_insights_diario.csv,2026-05-30 00:00:00
CAMP_015,2024-05-01,TikTok Ads,40.65,581,37954,18,USD,ads_insights_diario.csv,2026-05-30 00:00:00
CAMP_015,2024-05-02,TikTok Ads,42.38,690,46098,12,USD,ads_insights_diario.csv,2026-05-30 00:00:00
CAMP_015,2024-05-03,TikTok Ads,39.93,696,30752,18,USD,ads_insights_diario.csv,2026-05-30 00:00:00
CAMP_015,2024-05-04,TikTok Ads,78.15,1131,46291,45,USD,ads_insights_diario.csv,2026-05-30 00:00:00
CAMP_015,2024-05-05,TikTok Ads,32.33,572,37249,22,USD,ads_insights_diario.csv,2026-05-30 00:00:00
CAMP_015,2024-05-06,TikTok Ads,41.48,724,31659,33,USD,ads_insights_diario.csv,2026-05-30 00:00:00
CAMP_015,2024-05-07,TikTok Ads,0.00,0,0,0,USD,ads_insights_diario.csv,2026-05-30 00:00:00
CAMP_015,2024-05-08,TikTok Ads,63.62,810,51037,13,USD,ads_insights_diario.csv,2026-05-30 00:00:00
CAMP_015,2024-05-09,TikTok Ads,51.46,658,31329,18,USD,ads_insights_diario.csv,2026-05-30 00:00:00
CAMP_015,2024-05-10,TikTok Ads,61.52,1178,70544,60,USD,ads_insights_diario.csv,2026-05-30 00:00:00
CAMP_015,2024-05-11,TikTok Ads,48.19,626,45375,34,USD,ads_insights_diario.csv,2026-05-30 00:00:00
CAMP_015,2024-05-12,TikTok Ads,63.48,1149,50474,56,USD,ads_insights_diario.csv,2026-05-30 00:00:00
CAMP_015,2024-05-13,TikTok Ads,53.82,681,39728,31,USD,ads_insights_diario.csv,2026-05-30 00:00:00
CAMP_015,2024-05-14,TikTok Ads,45.84,680,32622,16,USD,ads_insights_diario.csv,2026-05-30 00:00:00
CAMP_015,2024-05-15,TikTok Ads,0.00,0,0,0,USD,ads_insights_diario.csv,2026-05-30 00:00:00
CAMP_016,2024-06-02,Meta Ads,96.51,1243,79367,47,USD,ads_insights_diario.csv,2026-05-30 00:00:00
CAMP_016,2024-06-03,Meta Ads,86.00,1020,71119,31,USD,ads_insights_diario.csv,2026-05-30 00:00:00
CAMP_016,2024-06-04,Meta Ads,82.61,1051,64889,54,USD,ads_insights_diario.csv,2026-05-30 00:00:00
CAMP_016,2024-06-05,Meta Ads,89.85,1345,80822,55,USD,ads_insights_diario.csv,2026-05-30 00:00:00
CAMP_016,2024-06-06,Meta Ads,19.74,264,19727,4,USD,ads_insights_diario.csv,2026-05-30 00:00:00
CAMP_016,2024-06-07,Meta Ads,138.02,1583,97055,34,USD,ads_insights_diario.csv,2026-05-30 00:00:00
CAMP_016,2024-06-08,Meta Ads,65.40,867,60816,35,USD,ads_insights_diario.csv,2026-05-30 00:00:00
CAMP_016,2024-06-09,Meta Ads,54.35,692,69852,29,USD,ads_insights_diario.csv,2026-05-30 00:00:00
CAMP_016,2024-06-10,Meta Ads,61.21,803,52028,17,USD,ads_insights_diario.csv,2026-05-30 00:00:00
CAMP_016,2024-06-11,Meta Ads,124.44,1728,104907,62,USD,ads_insights_diario.csv,2026-05-30 00:00:00
CAMP_016,2024-06-12,Meta Ads,107.55,1251,129088,47,USD,ads_insights_diario.csv,2026-05-30 00:00:00
CAMP_016,2024-06-13,Meta Ads,88.68,1127,99021,19,USD,ads_insights_diario.csv,2026-05-30 00:00:00
CAMP_016,2024-06-14,Meta Ads,0.00,0,0,0,USD,ads_insights_diario.csv,2026-05-30 00:00:00
CAMP_016,2024-06-15,Meta Ads,101.90,1333,131015,66,USD,ads_insights_diario.csv,2026-05-30 00:00:00
CAMP_016,2024-06-16,Meta Ads,85.18,892,61119,23,USD,ads_insights_diario.csv,2026-05-30 00:00:00
CAMP_016,2024-06-17,Meta Ads,84.58,1196,134018,33,USD,ads_insights_diario.csv,2026-05-30 00:00:00
CAMP_016,2024-06-18,Meta Ads,0.00,0,0,0,USD,ads_insights_diario.csv,2026-05-30 00:00:00
CAMP_017,2024-06-04,Google Ads,0.00,0,0,0,USD,ads_insights_diario.csv,2026-05-30 00:00:00
CAMP_017,2024-06-05,Google Ads,47.66,276,14324,5,USD,ads_insights_diario.csv,2026-05-30 00:00:00
CAMP_017,2024-06-06,Google Ads,25.09,149,6552,3,USD,ads_insights_diario.csv,2026-05-30 00:00:00
CAMP_017,2024-06-07,Google Ads,57.15,329,13871,13,USD,ads_insights_diario.csv,2026-05-30 00:00:00
CAMP_017,2024-06-08,Google Ads,56.01,425,21027,7,USD,ads_insights_diario.csv,2026-05-30 00:00:00
CAMP_017,2024-06-09,Google Ads,68.61,405,14802,19,USD,ads_insights_diario.csv,2026-05-30 00:00:00
CAMP_017,2024-06-10,Google Ads,66.15,359,12631,9,USD,ads_insights_diario.csv,2026-05-30 00:00:00
CAMP_017,2024-06-11,Google Ads,41.56,218,8534,5,USD,ads_insights_diario.csv,2026-05-30 00:00:00
CAMP_017,2024-06-12,Google Ads,40.98,275,9425,12,USD,ads_insights_diario.csv,2026-05-30 00:00:00
CAMP_017,2024-06-13,Google Ads,10.44,62,2303,3,USD,ads_insights_diario.csv,2026-05-30 00:00:00
CAMP_017,2024-06-14,Google Ads,36.32,262,10030,8,USD,ads_insights_diario.csv,2026-05-30 00:00:00
CAMP_017,2024-06-15,Google Ads,50.24,305,9371,9,USD,ads_insights_diario.csv,2026-05-30 00:00:00
CAMP_017,2024-06-16,Google Ads,51.29,275,13134,14,USD,ads_insights_diario.csv,2026-05-30 00:00:00
CAMP_017,2024-06-17,Google Ads,17.47,117,4233,4,USD,ads_insights_diario.csv,2026-05-30 00:00:00
CAMP_017,2024-06-18,Google Ads,35.20,215,7393,4,USD,ads_insights_diario.csv,2026-05-30 00:00:00
CAMP_017,2024-06-19,Google Ads,73.60,408,18233,9,USD,ads_insights_diario.csv,2026-05-30 00:00:00
CAMP_017,2024-06-20,Google Ads,69.73,542,15722,20,USD,ads_insights_diario.csv,2026-05-30 00:00:00
CAMP_017,2024-06-21,Google Ads,53.19,325,10330,9,USD,ads_insights_diario.csv,2026-05-30 00:00:00
CAMP_017,2024-06-22,Google Ads,66.73,493,23973,20,USD,ads_insights_diario.csv,2026-05-30 00:00:00
CAMP_017,2024-06-23,Google Ads,46.53,263,8019,6,USD,ads_insights_diario.csv,2026-05-30 00:00:00
CAMP_017,2024-06-24,Google Ads,69.17,501,24850,16,USD,ads_insights_diario.csv,2026-05-30 00:00:00
CAMP_017,2024-06-25,Google Ads,66.55,351,13496,18,USD,ads_insights_diario.csv,2026-05-30 00:00:00
CAMP_017,2024-06-26,Google Ads,46.95,300,11691,13,USD,ads_insights_diario.csv,2026-05-30 00:00:00
CAMP_017,2024-06-27,Google Ads,40.51,261,10429,10,USD,ads_insights_diario.csv,2026-05-30 00:00:00
CAMP_017,2024-06-28,Google Ads,88.81,452,21444,12,USD,ads_insights_diario.csv,2026-05-30 00:00:00
CAMP_017,2024-06-29,Google Ads,51.63,353,10557,12,USD,ads_insights_diario.csv,2026-05-30 00:00:00
CAMP_018,2024-06-02,TikTok Ads,0.00,0,0,0,USD,ads_insights_diario.csv,2026-05-30 00:00:00
CAMP_018,2024-06-03,TikTok Ads,46.12,632,48936,20,USD,ads_insights_diario.csv,2026-05-30 00:00:00
CAMP_018,2024-06-04,TikTok Ads,37.12,542,36656,16,USD,ads_insights_diario.csv,2026-05-30 00:00:00
CAMP_018,2024-06-05,TikTok Ads,49.94,771,34950,15,USD,ads_insights_diario.csv,2026-05-30 00:00:00
CAMP_018,2024-06-06,TikTok Ads,32.67,546,22462,16,USD,ads_insights_diario.csv,2026-05-30 00:00:00
CAMP_018,2024-06-07,TikTok Ads,0.00,0,0,0,USD,ads_insights_diario.csv,2026-05-30 00:00:00
CAMP_018,2024-06-08,TikTok Ads,68.91,1039,80050,55,USD,ads_insights_diario.csv,2026-05-30 00:00:00
CAMP_018,2024-06-09,TikTok Ads,44.44,866,54310,34,USD,ads_insights_diario.csv,2026-05-30 00:00:00
CAMP_018,2024-06-10,TikTok Ads,23.61,462,19453,20,USD,ads_insights_diario.csv,2026-05-30 00:00:00
CAMP_018,2024-06-11,TikTok Ads,63.58,929,37553,14,USD,ads_insights_diario.csv,2026-05-30 00:00:00
CAMP_018,2024-06-12,TikTok Ads,62.66,1248,75500,35,USD,ads_insights_diario.csv,2026-05-30 00:00:00
CAMP_018,2024-06-13,TikTok Ads,0.00,0,0,0,USD,ads_insights_diario.csv,2026-05-30 00:00:00
CAMP_018,2024-06-14,TikTok Ads,59.49,826,47763,43,USD,ads_insights_diario.csv,2026-05-30 00:00:00
CAMP_018,2024-06-15,TikTok Ads,0.00,0,0,0,USD,ads_insights_diario.csv,2026-05-30 00:00:00
CAMP_018,2024-06-16,TikTok Ads,26.54,420,22199,10,USD,ads_insights_diario.csv,2026-05-30 00:00:00
CAMP_018,2024-06-17,TikTok Ads,47.73,833,37752,37,USD,ads_insights_diario.csv,2026-05-30 00:00:00
CAMP_018,2024-06-18,TikTok Ads,57.42,1043,78417,15,USD,ads_insights_diario.csv,2026-05-30 00:00:00
CAMP_018,2024-06-19,TikTok Ads,43.17,754,42404,23,USD,ads_insights_diario.csv,2026-05-30 00:00:00
CAMP_018,2024-06-20,TikTok Ads,37.05,538,35862,12,USD,ads_insights_diario.csv,2026-05-30 00:00:00
CAMP_018,2024-06-21,TikTok Ads,52.96,832,36064,16,USD,ads_insights_diario.csv,2026-05-30 00:00:00
CAMP_018,2024-06-22,TikTok Ads,47.98,777,47438,30,USD,ads_insights_diario.csv,2026-05-30 00:00:00
CAMP_018,2024-06-23,TikTok Ads,72.49,995,70723,36,USD,ads_insights_diario.csv,2026-05-30 00:00:00
CAMP_018,2024-06-24,TikTok Ads,38.85,677,27817,32,USD,ads_insights_diario.csv,2026-05-30 00:00:00
CAMP_018,2024-06-25,TikTok Ads,51.43,896,37458,27,USD,ads_insights_diario.csv,2026-05-30 00:00:00
CAMP_018,2024-06-26,TikTok Ads,50.19,844,45754,16,USD,ads_insights_diario.csv,2026-05-30 00:00:00
CAMP_018,2024-06-27,TikTok Ads,47.56,671,49899,26,USD,ads_insights_diario.csv,2026-05-30 00:00:00
CAMP_019,2024-07-02,Meta Ads,83.25,861,65370,23,USD,ads_insights_diario.csv,2026-05-30 00:00:00
CAMP_019,2024-07-03,Meta Ads,131.36,1836,110191,46,USD,ads_insights_diario.csv,2026-05-30 00:00:00
CAMP_019,2024-07-04,Meta Ads,73.97,714,80739,30,USD,ads_insights_diario.csv,2026-05-30 00:00:00
CAMP_019,2024-07-05,Meta Ads,83.68,891,65720,22,USD,ads_insights_diario.csv,2026-05-30 00:00:00
CAMP_019,2024-07-06,Meta Ads,19.16,268,21595,7,USD,ads_insights_diario.csv,2026-05-30 00:00:00
CAMP_019,2024-07-07,Meta Ads,100.54,1398,125305,32,USD,ads_insights_diario.csv,2026-05-30 00:00:00
CAMP_019,2024-07-08,Meta Ads,69.15,975,95044,29,USD,ads_insights_diario.csv,2026-05-30 00:00:00
CAMP_019,2024-07-09,Meta Ads,44.50,623,53564,20,USD,ads_insights_diario.csv,2026-05-30 00:00:00
CAMP_019,2024-07-10,Meta Ads,85.62,1252,88515,45,USD,ads_insights_diario.csv,2026-05-30 00:00:00
CAMP_019,2024-07-11,Meta Ads,0.00,0,0,0,USD,ads_insights_diario.csv,2026-05-30 00:00:00
CAMP_019,2024-07-12,Meta Ads,82.06,1028,71369,18,USD,ads_insights_diario.csv,2026-05-30 00:00:00
CAMP_019,2024-07-13,Meta Ads,41.18,412,30411,21,USD,ads_insights_diario.csv,2026-05-30 00:00:00
CAMP_019,2024-07-14,Meta Ads,51.24,639,54212,30,USD,ads_insights_diario.csv,2026-05-30 00:00:00
CAMP_019,2024-07-15,Meta Ads,76.66,982,85117,24,USD,ads_insights_diario.csv,2026-05-30 00:00:00
CAMP_019,2024-07-16,Meta Ads,56.52,744,53415,13,USD,ads_insights_diario.csv,2026-05-30 00:00:00
CAMP_019,2024-07-17,Meta Ads,45.71,475,48882,22,USD,ads_insights_diario.csv,2026-05-30 00:00:00
CAMP_020,2024-07-04,Google Ads,59.48,454,16661,11,USD,ads_insights_diario.csv,2026-05-30 00:00:00
CAMP_020,2024-07-05,Google Ads,45.69,328,9571,7,USD,ads_insights_diario.csv,2026-05-30 00:00:00
CAMP_020,2024-07-06,Google Ads,63.14,392,12782,14,USD,ads_insights_diario.csv,2026-05-30 00:00:00
CAMP_020,2024-07-07,Google Ads,74.05,465,15345,22,USD,ads_insights_diario.csv,2026-05-30 00:00:00
CAMP_020,2024-07-08,Google Ads,63.06,475,18963,14,USD,ads_insights_diario.csv,2026-05-30 00:00:00
CAMP_020,2024-07-09,Google Ads,49.87,286,8861,9,USD,ads_insights_diario.csv,2026-05-30 00:00:00
CAMP_020,2024-07-10,Google Ads,15.83,94,5168,2,USD,ads_insights_diario.csv,2026-05-30 00:00:00
CAMP_020,2024-07-11,Google Ads,0.00,0,0,0,USD,ads_insights_diario.csv,2026-05-30 00:00:00
CAMP_020,2024-07-12,Google Ads,90.65,635,20098,33,USD,ads_insights_diario.csv,2026-05-30 00:00:00
CAMP_020,2024-07-13,Google Ads,40.06,294,13270,16,USD,ads_insights_diario.csv,2026-05-30 00:00:00
CAMP_020,2024-07-14,Google Ads,56.64,400,20401,21,USD,ads_insights_diario.csv,2026-05-30 00:00:00
CAMP_020,2024-07-15,Google Ads,49.53,340,15890,9,USD,ads_insights_diario.csv,2026-05-30 00:00:00
CAMP_020,2024-07-16,Google Ads,1.34,7,282,0,USD,ads_insights_diario.csv,2026-05-30 00:00:00
CAMP_020,2024-07-17,Google Ads,83.67,439,18007,8,USD,ads_insights_diario.csv,2026-05-30 00:00:00
CAMP_020,2024-07-18,Google Ads,32.80,166,5169,8,USD,ads_insights_diario.csv,2026-05-30 00:00:00
CAMP_020,2024-07-19,Google Ads,64.74,368,11254,19,USD,ads_insights_diario.csv,2026-05-30 00:00:00
CAMP_020,2024-07-20,Google Ads,0.00,0,0,0,USD,ads_insights_diario.csv,2026-05-30 00:00:00
CAMP_020,2024-07-21,Google Ads,0.00,0,0,0,USD,ads_insights_diario.csv,2026-05-30 00:00:00
CAMP_021,2024-07-03,TikTok Ads,0.00,0,0,0,USD,ads_insights_diario.csv,2026-05-30 00:00:00
CAMP_021,2024-07-04,TikTok Ads,58.47,969,60306,42,USD,ads_insights_diario.csv,2026-05-30 00:00:00
CAMP_021,2024-07-05,TikTok Ads,47.43,788,59529,25,USD,ads_insights_diario.csv,2026-05-30 00:00:00
CAMP_021,2024-07-06,TikTok Ads,35.95,666,43172,16,USD,ads_insights_diario.csv,2026-05-30 00:00:00
CAMP_021,2024-07-07,TikTok Ads,38.61,734,53763,17,USD,ads_insights_diario.csv,2026-05-30 00:00:00
CAMP_021,2024-07-08,TikTok Ads,25.85,333,17707,10,USD,ads_insights_diario.csv,2026-05-30 00:00:00
CAMP_021,2024-07-09,TikTok Ads,22.08,302,15247,14,USD,ads_insights_diario.csv,2026-05-30 00:00:00
CAMP_021,2024-07-10,TikTok Ads,16.00,218,15054,5,USD,ads_insights_diario.csv,2026-05-30 00:00:00
CAMP_021,2024-07-11,TikTok Ads,20.64,266,20403,8,USD,ads_insights_diario.csv,2026-05-30 00:00:00
CAMP_021,2024-07-12,TikTok Ads,11.42,159,7687,4,USD,ads_insights_diario.csv,2026-05-30 00:00:00
CAMP_021,2024-07-13,TikTok Ads,22.85,326,15470,15,USD,ads_insights_diario.csv,2026-05-30 00:00:00
CAMP_021,2024-07-14,TikTok Ads,26.21,489,27780,10,USD,ads_insights_diario.csv,2026-05-30 00:00:00
CAMP_021,2024-07-15,TikTok Ads,27.30,396,29067,21,USD,ads_insights_diario.csv,2026-05-30 00:00:00
CAMP_021,2024-07-16,TikTok Ads,57.29,1140,45757,53,USD,ads_insights_diario.csv,2026-05-30 00:00:00
CAMP_021,2024-07-17,TikTok Ads,52.12,764,41313,30,USD,ads_insights_diario.csv,2026-05-30 00:00:00
CAMP_021,2024-07-18,TikTok Ads,69.36,1089,64969,40,USD,ads_insights_diario.csv,2026-05-30 00:00:00
CAMP_021,2024-07-19,TikTok Ads,33.53,592,25769,22,USD,ads_insights_diario.csv,2026-05-30 00:00:00
CAMP_021,2024-07-20,TikTok Ads,45.90,579,25271,9,USD,ads_insights_diario.csv,2026-05-30 00:00:00
CAMP_021,2024-07-21,TikTok Ads,25.35,365,15527,6,USD,ads_insights_diario.csv,2026-05-30 00:00:00
CAMP_021,2024-07-22,TikTok Ads,26.82,532,25224,26,USD,ads_insights_diario.csv,2026-05-30 00:00:00
CAMP_021,2024-07-23,TikTok Ads,56.70,965,45519,36,USD,ads_insights_diario.csv,2026-05-30 00:00:00
CAMP_021,2024-07-24,TikTok Ads,19.31,281,12609,6,USD,ads_insights_diario.csv,2026-05-30 00:00:00
CAMP_021,2024-07-25,TikTok Ads,20.56,372,24225,6,USD,ads_insights_diario.csv,2026-05-30 00:00:00
CAMP_022,2024-08-01,Meta Ads,86.83,1110,71449,18,USD,ads_insights_diario.csv,2026-05-30 00:00:00
CAMP_022,2024-08-02,Meta Ads,40.55,591,52821,19,USD,ads_insights_diario.csv,2026-05-30 00:00:00
CAMP_022,2024-08-03,Meta Ads,0.00,0,0,0,USD,ads_insights_diario.csv,2026-05-30 00:00:00
CAMP_022,2024-08-04,Meta Ads,64.34,801,81179,21,USD,ads_insights_diario.csv,2026-05-30 00:00:00
CAMP_022,2024-08-05,Meta Ads,55.94,828,93840,41,USD,ads_insights_diario.csv,2026-05-30 00:00:00
CAMP_022,2024-08-06,Meta Ads,111.04,1084,118405,42,USD,ads_insights_diario.csv,2026-05-30 00:00:00
CAMP_022,2024-08-07,Meta Ads,118.55,1723,145827,35,USD,ads_insights_diario.csv,2026-05-30 00:00:00
CAMP_022,2024-08-08,Meta Ads,36.33,483,30258,22,USD,ads_insights_diario.csv,2026-05-30 00:00:00
CAMP_022,2024-08-09,Meta Ads,92.27,1217,74453,32,USD,ads_insights_diario.csv,2026-05-30 00:00:00
CAMP_022,2024-08-10,Meta Ads,80.15,1019,119370,44,USD,ads_insights_diario.csv,2026-05-30 00:00:00
CAMP_022,2024-08-11,Meta Ads,26.28,344,26309,9,USD,ads_insights_diario.csv,2026-05-30 00:00:00
CAMP_022,2024-08-12,Meta Ads,40.59,547,36587,10,USD,ads_insights_diario.csv,2026-05-30 00:00:00
CAMP_022,2024-08-13,Meta Ads,0.00,0,0,0,USD,ads_insights_diario.csv,2026-05-30 00:00:00
CAMP_022,2024-08-14,Meta Ads,91.93,1154,90712,21,USD,ads_insights_diario.csv,2026-05-30 00:00:00
CAMP_023,2024-08-01,Google Ads,56.37,346,12302,10,USD,ads_insights_diario.csv,2026-05-30 00:00:00
CAMP_023,2024-08-02,Google Ads,44.70,236,11458,12,USD,ads_insights_diario.csv,2026-05-30 00:00:00
CAMP_023,2024-08-03,Google Ads,44.08,290,8844,15,USD,ads_insights_diario.csv,2026-05-30 00:00:00
CAMP_023,2024-08-04,Google Ads,79.60,471,19187,19,USD,ads_insights_diario.csv,2026-05-30 00:00:00
CAMP_023,2024-08-05,Google Ads,59.35,352,17749,14,USD,ads_insights_diario.csv,2026-05-30 00:00:00
CAMP_023,2024-08-06,Google Ads,58.24,413,13459,20,USD,ads_insights_diario.csv,2026-05-30 00:00:00
CAMP_023,2024-08-07,Google Ads,28.60,205,7234,4,USD,ads_insights_diario.csv,2026-05-30 00:00:00
CAMP_023,2024-08-08,Google Ads,99.67,557,28278,29,USD,ads_insights_diario.csv,2026-05-30 00:00:00
CAMP_023,2024-08-09,Google Ads,28.30,182,6559,6,USD,ads_insights_diario.csv,2026-05-30 00:00:00
CAMP_023,2024-08-10,Google Ads,54.74,312,10885,14,USD,ads_insights_diario.csv,2026-05-30 00:00:00
CAMP_023,2024-08-11,Google Ads,0.00,0,0,0,USD,ads_insights_diario.csv,2026-05-30 00:00:00
CAMP_023,2024-08-12,Google Ads,31.22,240,7577,9,USD,ads_insights_diario.csv,2026-05-30 00:00:00
CAMP_023,2024-08-13,Google Ads,25.72,156,5432,5,USD,ads_insights_diario.csv,2026-05-30 00:00:00
CAMP_023,2024-08-14,Google Ads,61.69,374,11181,5,USD,ads_insights_diario.csv,2026-05-30 00:00:00
CAMP_024,2024-08-03,TikTok Ads,19.36,250,11231,10,USD,ads_insights_diario.csv,2026-05-30 00:00:00
CAMP_024,2024-08-04,TikTok Ads,54.27,986,53812,31,USD,ads_insights_diario.csv,2026-05-30 00:00:00
CAMP_024,2024-08-05,TikTok Ads,17.26,248,17566,9,USD,ads_insights_diario.csv,2026-05-30 00:00:00
CAMP_024,2024-08-06,TikTok Ads,0.00,0,0,0,USD,ads_insights_diario.csv,2026-05-30 00:00:00
CAMP_024,2024-08-07,TikTok Ads,41.28,719,28563,23,USD,ads_insights_diario.csv,2026-05-30 00:00:00
CAMP_024,2024-08-08,TikTok Ads,17.98,343,19240,10,USD,ads_insights_diario.csv,2026-05-30 00:00:00
CAMP_024,2024-08-09,TikTok Ads,9.00,142,6837,2,USD,ads_insights_diario.csv,2026-05-30 00:00:00
CAMP_024,2024-08-10,TikTok Ads,41.12,661,32750,25,USD,ads_insights_diario.csv,2026-05-30 00:00:00
CAMP_024,2024-08-11,TikTok Ads,34.77,522,36765,16,USD,ads_insights_diario.csv,2026-05-30 00:00:00
CAMP_024,2024-08-12,TikTok Ads,42.78,553,28272,21,USD,ads_insights_diario.csv,2026-05-30 00:00:00
CAMP_024,2024-08-13,TikTok Ads,23.34,392,23122,18,USD,ads_insights_diario.csv,2026-05-30 00:00:00
CAMP_024,2024-08-14,TikTok Ads,20.42,394,22394,10,USD,ads_insights_diario.csv,2026-05-30 00:00:00
CAMP_024,2024-08-15,TikTok Ads,34.13,465,25757,18,USD,ads_insights_diario.csv,2026-05-30 00:00:00
CAMP_024,2024-08-16,TikTok Ads,41.62,545,29288,21,USD,ads_insights_diario.csv,2026-05-30 00:00:00
CAMP_024,2024-08-17,TikTok Ads,57.69,1060,65875,55,USD,ads_insights_diario.csv,2026-05-30 00:00:00
CAMP_024,2024-08-18,TikTok Ads,40.14,783,37161,26,USD,ads_insights_diario.csv,2026-05-30 00:00:00
CAMP_024,2024-08-19,TikTok Ads,0.00,0,0,0,USD,ads_insights_diario.csv,2026-05-30 00:00:00
CAMP_024,2024-08-20,TikTok Ads,23.99,378,18248,11,USD,ads_insights_diario.csv,2026-05-30 00:00:00
CAMP_024,2024-08-21,TikTok Ads,0.00,0,0,0,USD,ads_insights_diario.csv,2026-05-30 00:00:00
CAMP_025,2024-09-04,Meta Ads,35.41,341,22299,16,USD,ads_insights_diario.csv,2026-05-30 00:00:00
CAMP_025,2024-09-05,Meta Ads,50.70,576,38099,21,USD,ads_insights_diario.csv,2026-05-30 00:00:00
CAMP_025,2024-09-06,Meta Ads,78.04,994,83678,52,USD,ads_insights_diario.csv,2026-05-30 00:00:00
CAMP_025,2024-09-07,Meta Ads,99.24,1268,123682,50,USD,ads_insights_diario.csv,2026-05-30 00:00:00
CAMP_025,2024-09-08,Meta Ads,0.00,0,0,0,USD,ads_insights_diario.csv,2026-05-30 00:00:00
CAMP_025,2024-09-09,Meta Ads,77.00,820,58576,14,USD,ads_insights_diario.csv,2026-05-30 00:00:00
CAMP_025,2024-09-10,Meta Ads,28.74,302,25926,5,USD,ads_insights_diario.csv,2026-05-30 00:00:00
CAMP_025,2024-09-11,Meta Ads,61.32,751,60274,22,USD,ads_insights_diario.csv,2026-05-30 00:00:00
CAMP_025,2024-09-12,Meta Ads,62.86,611,67906,23,USD,ads_insights_diario.csv,2026-05-30 00:00:00
CAMP_025,2024-09-13,Meta Ads,70.90,1014,77486,54,USD,ads_insights_diario.csv,2026-05-30 00:00:00
CAMP_025,2024-09-14,Meta Ads,0.00,0,0,0,USD,ads_insights_diario.csv,2026-05-30 00:00:00
CAMP_025,2024-09-15,Meta Ads,83.50,819,83341,16,USD,ads_insights_diario.csv,2026-05-30 00:00:00
CAMP_025,2024-09-16,Meta Ads,69.06,786,47032,33,USD,ads_insights_diario.csv,2026-05-30 00:00:00
CAMP_025,2024-09-17,Meta Ads,33.90,345,29715,12,USD,ads_insights_diario.csv,2026-05-30 00:00:00
CAMP_025,2024-09-18,Meta Ads,98.70,1197,100675,19,USD,ads_insights_diario.csv,2026-05-30 00:00:00
CAMP_025,2024-09-19,Meta Ads,102.02,1058,114666,56,USD,ads_insights_diario.csv,2026-05-30 00:00:00
CAMP_025,2024-09-20,Meta Ads,103.65,1200,115493,22,USD,ads_insights_diario.csv,2026-05-30 00:00:00
CAMP_025,2024-09-21,Meta Ads,87.42,1211,85939,44,USD,ads_insights_diario.csv,2026-05-30 00:00:00
CAMP_025,2024-09-22,Meta Ads,0.00,0,0,0,USD,ads_insights_diario.csv,2026-05-30 00:00:00
CAMP_025,2024-09-23,Meta Ads,57.45,859,82424,42,USD,ads_insights_diario.csv,2026-05-30 00:00:00
CAMP_025,2024-09-24,Meta Ads,51.31,599,36047,13,USD,ads_insights_diario.csv,2026-05-30 00:00:00
CAMP_025,2024-09-25,Meta Ads,78.68,885,60869,28,USD,ads_insights_diario.csv,2026-05-30 00:00:00
CAMP_026,2024-09-04,Google Ads,85.50,649,34999,27,USD,ads_insights_diario.csv,2026-05-30 00:00:00
CAMP_026,2024-09-05,Google Ads,59.74,373,13763,11,USD,ads_insights_diario.csv,2026-05-30 00:00:00
CAMP_026,2024-09-06,Google Ads,56.88,399,16332,8,USD,ads_insights_diario.csv,2026-05-30 00:00:00
CAMP_026,2024-09-07,Google Ads,55.72,437,13285,22,USD,ads_insights_diario.csv,2026-05-30 00:00:00
CAMP_026,2024-09-08,Google Ads,84.10,526,22136,20,USD,ads_insights_diario.csv,2026-05-30 00:00:00
CAMP_026,2024-09-09,Google Ads,29.31,160,6212,5,USD,ads_insights_diario.csv,2026-05-30 00:00:00
CAMP_026,2024-09-10,Google Ads,19.24,97,4091,4,USD,ads_insights_diario.csv,2026-05-30 00:00:00
CAMP_026,2024-09-11,Google Ads,62.31,360,12136,13,USD,ads_insights_diario.csv,2026-05-30 00:00:00
CAMP_026,2024-09-12,Google Ads,70.52,455,22944,11,USD,ads_insights_diario.csv,2026-05-30 00:00:00
CAMP_026,2024-09-13,Google Ads,72.14,490,18497,12,USD,ads_insights_diario.csv,2026-05-30 00:00:00
CAMP_026,2024-09-14,Google Ads,51.31,369,20592,14,USD,ads_insights_diario.csv,2026-05-30 00:00:00
CAMP_026,2024-09-15,Google Ads,49.09,271,10522,5,USD,ads_insights_diario.csv,2026-05-30 00:00:00
CAMP_026,2024-09-16,Google Ads,74.32,487,14673,11,USD,ads_insights_diario.csv,2026-05-30 00:00:00
CAMP_027,2024-09-03,TikTok Ads,0.00,0,0,0,USD,ads_insights_diario.csv,2026-05-30 00:00:00
CAMP_027,2024-09-04,TikTok Ads,43.81,688,31204,35,USD,ads_insights_diario.csv,2026-05-30 00:00:00
CAMP_027,2024-09-05,TikTok Ads,51.14,708,44286,16,USD,ads_insights_diario.csv,2026-05-30 00:00:00
CAMP_027,2024-09-06,TikTok Ads,24.06,406,22588,16,USD,ads_insights_diario.csv,2026-05-30 00:00:00
CAMP_027,2024-09-07,TikTok Ads,0.00,0,0,0,USD,ads_insights_diario.csv,2026-05-30 00:00:00
CAMP_027,2024-09-08,TikTok Ads,13.22,204,8935,3,USD,ads_insights_diario.csv,2026-05-30 00:00:00
CAMP_027,2024-09-09,TikTok Ads,40.18,703,31019,36,USD,ads_insights_diario.csv,2026-05-30 00:00:00
CAMP_027,2024-09-10,TikTok Ads,33.63,587,27745,30,USD,ads_insights_diario.csv,2026-05-30 00:00:00
CAMP_027,2024-09-11,TikTok Ads,53.54,958,59066,48,USD,ads_insights_diario.csv,2026-05-30 00:00:00
CAMP_027,2024-09-12,TikTok Ads,34.12,461,19679,16,USD,ads_insights_diario.csv,2026-05-30 00:00:00
CAMP_027,2024-09-13,TikTok Ads,44.00,628,28350,28,USD,ads_insights_diario.csv,2026-05-30 00:00:00
CAMP_027,2024-09-14,TikTok Ads,22.84,452,21799,23,USD,ads_insights_diario.csv,2026-05-30 00:00:00
CAMP_027,2024-09-15,TikTok Ads,10.92,200,8988,8,USD,ads_insights_diario.csv,2026-05-30 00:00:00
CAMP_027,2024-09-16,TikTok Ads,36.52,640,29372,24,USD,ads_insights_diario.csv,2026-05-30 00:00:00
CAMP_027,2024-09-17,TikTok Ads,42.34,689,41672,22,USD,ads_insights_diario.csv,2026-05-30 00:00:00
CAMP_027,2024-09-18,TikTok Ads,57.67,896,56029,20,USD,ads_insights_diario.csv,2026-05-30 00:00:00
CAMP_027,2024-09-19,TikTok Ads,47.58,919,53229,41,USD,ads_insights_diario.csv,2026-05-30 00:00:00
CAMP_027,2024-09-20,TikTok Ads,0.00,0,0,0,USD,ads_insights_diario.csv,2026-05-30 00:00:00
CAMP_027,2024-09-21,TikTok Ads,20.48,304,13338,15,USD,ads_insights_diario.csv,2026-05-30 00:00:00
CAMP_028,2024-10-05,Meta Ads,84.72,1158,120221,49,USD,ads_insights_diario.csv,2026-05-30 00:00:00
CAMP_028,2024-10-06,Meta Ads,51.93,686,61328,24,USD,ads_insights_diario.csv,2026-05-30 00:00:00
CAMP_028,2024-10-07,Meta Ads,69.29,771,50924,38,USD,ads_insights_diario.csv,2026-05-30 00:00:00
CAMP_028,2024-10-08,Meta Ads,124.75,1837,164574,76,USD,ads_insights_diario.csv,2026-05-30 00:00:00
CAMP_028,2024-10-09,Meta Ads,87.28,971,62197,19,USD,ads_insights_diario.csv,2026-05-30 00:00:00
CAMP_028,2024-10-10,Meta Ads,78.93,1069,75853,26,USD,ads_insights_diario.csv,2026-05-30 00:00:00
CAMP_028,2024-10-11,Meta Ads,0.00,0,0,0,USD,ads_insights_diario.csv,2026-05-30 00:00:00
CAMP_028,2024-10-12,Meta Ads,60.84,701,71431,33,USD,ads_insights_diario.csv,2026-05-30 00:00:00
CAMP_028,2024-10-13,Meta Ads,24.75,303,22484,10,USD,ads_insights_diario.csv,2026-05-30 00:00:00
CAMP_028,2024-10-14,Meta Ads,69.52,976,67971,18,USD,ads_insights_diario.csv,2026-05-30 00:00:00
CAMP_028,2024-10-15,Meta Ads,76.45,872,55239,38,USD,ads_insights_diario.csv,2026-05-30 00:00:00
CAMP_028,2024-10-16,Meta Ads,84.65,987,62288,16,USD,ads_insights_diario.csv,2026-05-30 00:00:00
CAMP_028,2024-10-17,Meta Ads,66.84,728,69400,38,USD,ads_insights_diario.csv,2026-05-30 00:00:00
CAMP_028,2024-10-18,Meta Ads,66.84,918,78446,18,USD,ads_insights_diario.csv,2026-05-30 00:00:00
CAMP_028,2024-10-19,Meta Ads,62.67,717,62892,20,USD,ads_insights_diario.csv,2026-05-30 00:00:00
CAMP_028,2024-10-20,Meta Ads,50.20,595,37679,20,USD,ads_insights_diario.csv,2026-05-30 00:00:00
CAMP_028,2024-10-21,Meta Ads,23.34,251,27838,10,USD,ads_insights_diario.csv,2026-05-30 00:00:00
CAMP_028,2024-10-22,Meta Ads,64.68,757,63366,35,USD,ads_insights_diario.csv,2026-05-30 00:00:00
CAMP_029,2024-10-05,Google Ads,62.63,391,15324,9,USD,ads_insights_diario.csv,2026-05-30 00:00:00
CAMP_029,2024-10-06,Google Ads,40.97,267,11550,10,USD,ads_insights_diario.csv,2026-05-30 00:00:00
CAMP_029,2024-10-07,Google Ads,52.59,317,17174,7,USD,ads_insights_diario.csv,2026-05-30 00:00:00
CAMP_029,2024-10-08,Google Ads,51.50,291,16624,15,USD,ads_insights_diario.csv,2026-05-30 00:00:00
CAMP_029,2024-10-09,Google Ads,65.17,349,18680,15,USD,ads_insights_diario.csv,2026-05-30 00:00:00
CAMP_029,2024-10-10,Google Ads,66.16,416,21240,14,USD,ads_insights_diario.csv,2026-05-30 00:00:00
CAMP_029,2024-10-11,Google Ads,20.36,145,7460,2,USD,ads_insights_diario.csv,2026-05-30 00:00:00
CAMP_029,2024-10-12,Google Ads,13.89,79,4283,1,USD,ads_insights_diario.csv,2026-05-30 00:00:00
CAMP_029,2024-10-13,Google Ads,48.28,290,11474,12,USD,ads_insights_diario.csv,2026-05-30 00:00:00
CAMP_029,2024-10-14,Google Ads,41.35,313,9584,4,USD,ads_insights_diario.csv,2026-05-30 00:00:00
CAMP_029,2024-10-15,Google Ads,46.52,300,8627,13,USD,ads_insights_diario.csv,2026-05-30 00:00:00
CAMP_029,2024-10-16,Google Ads,81.67,540,15489,26,USD,ads_insights_diario.csv,2026-05-30 00:00:00
CAMP_029,2024-10-17,Google Ads,59.21,297,12092,7,USD,ads_insights_diario.csv,2026-05-30 00:00:00
CAMP_029,2024-10-18,Google Ads,37.25,223,6972,3,USD,ads_insights_diario.csv,2026-05-30 00:00:00
CAMP_029,2024-10-19,Google Ads,26.17,136,6546,5,USD,ads_insights_diario.csv,2026-05-30 00:00:00
CAMP_029,2024-10-20,Google Ads,28.83,180,7470,9,USD,ads_insights_diario.csv,2026-05-30 00:00:00
CAMP_029,2024-10-21,Google Ads,44.49,236,6903,4,USD,ads_insights_diario.csv,2026-05-30 00:00:00
CAMP_030,2024-10-04,TikTok Ads,47.95,706,42435,15,USD,ads_insights_diario.csv,2026-05-30 00:00:00
CAMP_030,2024-10-05,TikTok Ads,29.26,392,29061,20,USD,ads_insights_diario.csv,2026-05-30 00:00:00
CAMP_030,2024-10-06,TikTok Ads,40.55,756,38844,13,USD,ads_insights_diario.csv,2026-05-30 00:00:00
CAMP_030,2024-10-07,TikTok Ads,33.25,418,21944,19,USD,ads_insights_diario.csv,2026-05-30 00:00:00
CAMP_030,2024-10-08,TikTok Ads,38.80,749,32668,37,USD,ads_insights_diario.csv,2026-05-30 00:00:00
CAMP_030,2024-10-09,TikTok Ads,27.51,421,23980,15,USD,ads_insights_diario.csv,2026-05-30 00:00:00
CAMP_030,2024-10-10,TikTok Ads,21.07,372,25286,10,USD,ads_insights_diario.csv,2026-05-30 00:00:00
CAMP_030,2024-10-11,TikTok Ads,56.30,976,67020,35,USD,ads_insights_diario.csv,2026-05-30 00:00:00
CAMP_030,2024-10-12,TikTok Ads,0.00,0,0,0,USD,ads_insights_diario.csv,2026-05-30 00:00:00
CAMP_030,2024-10-13,TikTok Ads,29.07,448,18254,9,USD,ads_insights_diario.csv,2026-05-30 00:00:00
CAMP_030,2024-10-14,TikTok Ads,33.83,450,18026,13,USD,ads_insights_diario.csv,2026-05-30 00:00:00
CAMP_030,2024-10-15,TikTok Ads,25.00,348,24099,18,USD,ads_insights_diario.csv,2026-05-30 00:00:00
CAMP_030,2024-10-16,TikTok Ads,51.30,982,47948,46,USD,ads_insights_diario.csv,2026-05-30 00:00:00
CAMP_030,2024-10-17,TikTok Ads,33.26,574,33596,12,USD,ads_insights_diario.csv,2026-05-30 00:00:00
CAMP_030,2024-10-18,TikTok Ads,26.33,489,28079,9,USD,ads_insights_diario.csv,2026-05-30 00:00:00
CAMP_030,2024-10-19,TikTok Ads,25.20,436,21614,18,USD,ads_insights_diario.csv,2026-05-30 00:00:00
CAMP_030,2024-10-20,TikTok Ads,21.22,396,26101,13,USD,ads_insights_diario.csv,2026-05-30 00:00:00
CAMP_030,2024-10-21,TikTok Ads,22.79,435,25707,18,USD,ads_insights_diario.csv,2026-05-30 00:00:00
CAMP_030,2024-10-22,TikTok Ads,0.00,0,0,0,USD,ads_insights_diario.csv,2026-05-30 00:00:00
CAMP_030,2024-10-23,TikTok Ads,36.90,568,41717,11,USD,ads_insights_diario.csv,2026-05-30 00:00:00
CAMP_030,2024-10-24,TikTok Ads,26.45,348,14453,5,USD,ads_insights_diario.csv,2026-05-30 00:00:00
CAMP_030,2024-10-25,TikTok Ads,18.61,361,24662,19,USD,ads_insights_diario.csv,2026-05-30 00:00:00
CAMP_030,2024-10-26,TikTok Ads,33.26,600,30787,30,USD,ads_insights_diario.csv,2026-05-30 00:00:00
CAMP_030,2024-10-27,TikTok Ads,61.24,841,34827,23,USD,ads_insights_diario.csv,2026-05-30 00:00:00
CAMP_031,2024-11-02,Meta Ads,127.20,1736,154364,92,USD,ads_insights_diario.csv,2026-05-30 00:00:00
CAMP_031,2024-11-03,Meta Ads,74.11,715,67712,24,USD,ads_insights_diario.csv,2026-05-30 00:00:00
CAMP_031,2024-11-04,Meta Ads,99.86,1354,83988,43,USD,ads_insights_diario.csv,2026-05-30 00:00:00
CAMP_031,2024-11-05,Meta Ads,73.13,886,78035,45,USD,ads_insights_diario.csv,2026-05-30 00:00:00
CAMP_031,2024-11-06,Meta Ads,57.55,786,51645,22,USD,ads_insights_diario.csv,2026-05-30 00:00:00
CAMP_031,2024-11-07,Meta Ads,94.23,1304,79978,52,USD,ads_insights_diario.csv,2026-05-30 00:00:00
CAMP_031,2024-11-08,Meta Ads,52.27,726,46843,22,USD,ads_insights_diario.csv,2026-05-30 00:00:00
CAMP_031,2024-11-09,Meta Ads,54.52,649,44175,19,USD,ads_insights_diario.csv,2026-05-30 00:00:00
CAMP_031,2024-11-10,Meta Ads,50.07,521,35454,19,USD,ads_insights_diario.csv,2026-05-30 00:00:00
CAMP_031,2024-11-11,Meta Ads,50.88,615,60207,33,USD,ads_insights_diario.csv,2026-05-30 00:00:00
CAMP_031,2024-11-12,Meta Ads,34.34,506,42209,17,USD,ads_insights_diario.csv,2026-05-30 00:00:00
CAMP_031,2024-11-13,Meta Ads,70.87,764,62867,15,USD,ads_insights_diario.csv,2026-05-30 00:00:00
CAMP_031,2024-11-14,Meta Ads,86.99,815,93358,44,USD,ads_insights_diario.csv,2026-05-30 00:00:00
CAMP_031,2024-11-15,Meta Ads,80.68,1006,103856,44,USD,ads_insights_diario.csv,2026-05-30 00:00:00
CAMP_031,2024-11-16,Meta Ads,27.55,371,24956,20,USD,ads_insights_diario.csv,2026-05-30 00:00:00
CAMP_031,2024-11-17,Meta Ads,14.31,139,8721,2,USD,ads_insights_diario.csv,2026-05-30 00:00:00
CAMP_031,2024-11-18,Meta Ads,88.60,1237,92193,38,USD,ads_insights_diario.csv,2026-05-30 00:00:00
CAMP_031,2024-11-19,Meta Ads,94.21,1344,147040,61,USD,ads_insights_diario.csv,2026-05-30 00:00:00
CAMP_031,2024-11-20,Meta Ads,63.56,660,54931,14,USD,ads_insights_diario.csv,2026-05-30 00:00:00
CAMP_032,2024-11-05,Google Ads,59.80,334,15750,5,USD,ads_insights_diario.csv,2026-05-30 00:00:00
CAMP_032,2024-11-06,Google Ads,90.89,607,18668,25,USD,ads_insights_diario.csv,2026-05-30 00:00:00
CAMP_032,2024-11-07,Google Ads,63.77,496,18553,12,USD,ads_insights_diario.csv,2026-05-30 00:00:00
CAMP_032,2024-11-08,Google Ads,0.00,0,0,0,USD,ads_insights_diario.csv,2026-05-30 00:00:00
CAMP_032,2024-11-09,Google Ads,54.20,368,18030,11,USD,ads_insights_diario.csv,2026-05-30 00:00:00
CAMP_032,2024-11-10,Google Ads,10.64,84,2778,4,USD,ads_insights_diario.csv,2026-05-30 00:00:00
CAMP_032,2024-11-11,Google Ads,67.74,474,16684,18,USD,ads_insights_diario.csv,2026-05-30 00:00:00
CAMP_032,2024-11-12,Google Ads,82.00,540,23123,19,USD,ads_insights_diario.csv,2026-05-30 00:00:00
CAMP_032,2024-11-13,Google Ads,68.81,361,14362,14,USD,ads_insights_diario.csv,2026-05-30 00:00:00
CAMP_032,2024-11-14,Google Ads,36.60,213,7811,6,USD,ads_insights_diario.csv,2026-05-30 00:00:00
CAMP_032,2024-11-15,Google Ads,1.44,7,271,0,USD,ads_insights_diario.csv,2026-05-30 00:00:00
CAMP_032,2024-11-16,Google Ads,50.05,252,9273,11,USD,ads_insights_diario.csv,2026-05-30 00:00:00
CAMP_032,2024-11-17,Google Ads,34.31,224,7929,5,USD,ads_insights_diario.csv,2026-05-30 00:00:00
CAMP_032,2024-11-18,Google Ads,51.62,324,17224,6,USD,ads_insights_diario.csv,2026-05-30 00:00:00
CAMP_032,2024-11-19,Google Ads,38.94,253,8173,4,USD,ads_insights_diario.csv,2026-05-30 00:00:00
CAMP_032,2024-11-20,Google Ads,68.03,364,20068,6,USD,ads_insights_diario.csv,2026-05-30 00:00:00
CAMP_032,2024-11-21,Google Ads,47.28,273,10972,4,USD,ads_insights_diario.csv,2026-05-30 00:00:00
CAMP_032,2024-11-22,Google Ads,37.52,252,9166,7,USD,ads_insights_diario.csv,2026-05-30 00:00:00
CAMP_032,2024-11-23,Google Ads,38.84,205,6630,10,USD,ads_insights_diario.csv,2026-05-30 00:00:00
CAMP_032,2024-11-24,Google Ads,47.36,359,12815,15,USD,ads_insights_diario.csv,2026-05-30 00:00:00
CAMP_032,2024-11-25,Google Ads,73.89,476,15474,12,USD,ads_insights_diario.csv,2026-05-30 00:00:00
CAMP_032,2024-11-26,Google Ads,20.11,156,8439,5,USD,ads_insights_diario.csv,2026-05-30 00:00:00
CAMP_033,2024-11-03,TikTok Ads,35.17,505,29837,24,USD,ads_insights_diario.csv,2026-05-30 00:00:00
CAMP_033,2024-11-04,TikTok Ads,44.46,727,52473,11,USD,ads_insights_diario.csv,2026-05-30 00:00:00
CAMP_033,2024-11-05,TikTok Ads,34.81,455,21454,23,USD,ads_insights_diario.csv,2026-05-30 00:00:00
CAMP_033,2024-11-06,TikTok Ads,40.17,540,27095,24,USD,ads_insights_diario.csv,2026-05-30 00:00:00
CAMP_033,2024-11-07,TikTok Ads,50.03,962,47027,19,USD,ads_insights_diario.csv,2026-05-30 00:00:00
CAMP_033,2024-11-08,TikTok Ads,29.12,408,16963,18,USD,ads_insights_diario.csv,2026-05-30 00:00:00
CAMP_033,2024-11-09,TikTok Ads,13.89,252,13567,6,USD,ads_insights_diario.csv,2026-05-30 00:00:00
CAMP_033,2024-11-10,TikTok Ads,53.73,687,41113,23,USD,ads_insights_diario.csv,2026-05-30 00:00:00
CAMP_033,2024-11-11,TikTok Ads,32.81,599,33349,22,USD,ads_insights_diario.csv,2026-05-30 00:00:00
CAMP_033,2024-11-12,TikTok Ads,0.00,0,0,0,USD,ads_insights_diario.csv,2026-05-30 00:00:00
CAMP_033,2024-11-13,TikTok Ads,0.00,0,0,0,USD,ads_insights_diario.csv,2026-05-30 00:00:00
CAMP_033,2024-11-14,TikTok Ads,35.00,655,45853,34,USD,ads_insights_diario.csv,2026-05-30 00:00:00
CAMP_033,2024-11-15,TikTok Ads,16.22,236,14059,10,USD,ads_insights_diario.csv,2026-05-30 00:00:00
CAMP_033,2024-11-16,TikTok Ads,56.57,1101,72527,51,USD,ads_insights_diario.csv,2026-05-30 00:00:00
CAMP_033,2024-11-17,TikTok Ads,35.27,515,31332,27,USD,ads_insights_diario.csv,2026-05-30 00:00:00
CAMP_033,2024-11-18,TikTok Ads,37.36,668,26821,20,USD,ads_insights_diario.csv,2026-05-30 00:00:00
CAMP_033,2024-11-19,TikTok Ads,30.02,415,16910,9,USD,ads_insights_diario.csv,2026-05-30 00:00:00
CAMP_034,2024-12-04,Meta Ads,127.98,1744,148963,68,USD,ads_insights_diario.csv,2026-05-30 00:00:00
CAMP_034,2024-12-05,Meta Ads,135.63,1316,120519,44,USD,ads_insights_diario.csv,2026-05-30 00:00:00
CAMP_034,2024-12-06,Meta Ads,71.07,808,68708,13,USD,ads_insights_diario.csv,2026-05-30 00:00:00
CAMP_034,2024-12-07,Meta Ads,118.32,1507,107767,47,USD,ads_insights_diario.csv,2026-05-30 00:00:00
CAMP_034,2024-12-08,Meta Ads,93.31,1090,86241,16,USD,ads_insights_diario.csv,2026-05-30 00:00:00
CAMP_034,2024-12-09,Meta Ads,0.00,0,0,0,USD,ads_insights_diario.csv,2026-05-30 00:00:00
CAMP_034,2024-12-10,Meta Ads,115.61,1410,87886,61,USD,ads_insights_diario.csv,2026-05-30 00:00:00
CAMP_034,2024-12-11,Meta Ads,124.46,1486,119926,45,USD,ads_insights_diario.csv,2026-05-30 00:00:00
CAMP_034,2024-12-12,Meta Ads,91.82,1220,134079,60,USD,ads_insights_diario.csv,2026-05-30 00:00:00
CAMP_034,2024-12-13,Meta Ads,69.06,809,51289,18,USD,ads_insights_diario.csv,2026-05-30 00:00:00
CAMP_034,2024-12-14,Meta Ads,83.03,1038,117172,55,USD,ads_insights_diario.csv,2026-05-30 00:00:00
CAMP_034,2024-12-15,Meta Ads,34.87,495,45159,11,USD,ads_insights_diario.csv,2026-05-30 00:00:00
CAMP_034,2024-12-16,Meta Ads,94.14,1040,69554,35,USD,ads_insights_diario.csv,2026-05-30 00:00:00
CAMP_034,2024-12-17,Meta Ads,65.77,964,85450,52,USD,ads_insights_diario.csv,2026-05-30 00:00:00
CAMP_034,2024-12-18,Meta Ads,62.35,647,40728,21,USD,ads_insights_diario.csv,2026-05-30 00:00:00
CAMP_034,2024-12-19,Meta Ads,56.28,540,62911,24,USD,ads_insights_diario.csv,2026-05-30 00:00:00
CAMP_034,2024-12-20,Meta Ads,111.50,1338,99188,42,USD,ads_insights_diario.csv,2026-05-30 00:00:00
CAMP_034,2024-12-21,Meta Ads,87.52,1055,90407,53,USD,ads_insights_diario.csv,2026-05-30 00:00:00
CAMP_034,2024-12-22,Meta Ads,112.72,1269,93538,66,USD,ads_insights_diario.csv,2026-05-30 00:00:00
CAMP_034,2024-12-23,Meta Ads,79.80,873,53055,18,USD,ads_insights_diario.csv,2026-05-30 00:00:00
CAMP_035,2024-12-05,Google Ads,85.89,502,22428,15,USD,ads_insights_diario.csv,2026-05-30 00:00:00
CAMP_035,2024-12-06,Google Ads,48.16,304,11500,7,USD,ads_insights_diario.csv,2026-05-30 00:00:00
CAMP_035,2024-12-07,Google Ads,77.74,408,17889,21,USD,ads_insights_diario.csv,2026-05-30 00:00:00
CAMP_035,2024-12-08,Google Ads,67.46,521,29588,24,USD,ads_insights_diario.csv,2026-05-30 00:00:00
CAMP_035,2024-12-09,Google Ads,82.10,432,21254,23,USD,ads_insights_diario.csv,2026-05-30 00:00:00
CAMP_035,2024-12-10,Google Ads,57.71,366,12354,16,USD,ads_insights_diario.csv,2026-05-30 00:00:00
CAMP_035,2024-12-11,Google Ads,71.25,417,15491,15,USD,ads_insights_diario.csv,2026-05-30 00:00:00
CAMP_035,2024-12-12,Google Ads,39.46,298,11365,11,USD,ads_insights_diario.csv,2026-05-30 00:00:00
CAMP_035,2024-12-13,Google Ads,65.90,437,14732,15,USD,ads_insights_diario.csv,2026-05-30 00:00:00
CAMP_035,2024-12-14,Google Ads,97.52,600,25454,19,USD,ads_insights_diario.csv,2026-05-30 00:00:00
CAMP_035,2024-12-15,Google Ads,56.81,366,11657,13,USD,ads_insights_diario.csv,2026-05-30 00:00:00
CAMP_035,2024-12-16,Google Ads,98.35,557,21155,14,USD,ads_insights_diario.csv,2026-05-30 00:00:00
CAMP_035,2024-12-17,Google Ads,0.00,0,0,0,USD,ads_insights_diario.csv,2026-05-30 00:00:00
CAMP_035,2024-12-18,Google Ads,72.97,553,27732,20,USD,ads_insights_diario.csv,2026-05-30 00:00:00
CAMP_035,2024-12-19,Google Ads,66.54,449,14934,13,USD,ads_insights_diario.csv,2026-05-30 00:00:00
CAMP_035,2024-12-20,Google Ads,66.16,502,23059,26,USD,ads_insights_diario.csv,2026-05-30 00:00:00
CAMP_035,2024-12-21,Google Ads,54.55,313,13267,15,USD,ads_insights_diario.csv,2026-05-30 00:00:00
CAMP_035,2024-12-22,Google Ads,68.92,453,15337,11,USD,ads_insights_diario.csv,2026-05-30 00:00:00
CAMP_035,2024-12-23,Google Ads,75.82,390,21238,11,USD,ads_insights_diario.csv,2026-05-30 00:00:00
CAMP_035,2024-12-24,Google Ads,42.22,251,12029,6,USD,ads_insights_diario.csv,2026-05-30 00:00:00
CAMP_036,2024-12-03,TikTok Ads,26.31,409,22468,15,USD,ads_insights_diario.csv,2026-05-30 00:00:00
CAMP_036,2024-12-04,TikTok Ads,68.89,906,42880,15,USD,ads_insights_diario.csv,2026-05-30 00:00:00
CAMP_036,2024-12-05,TikTok Ads,65.95,1190,77990,57,USD,ads_insights_diario.csv,2026-05-30 00:00:00
CAMP_036,2024-12-06,TikTok Ads,22.47,441,32628,10,USD,ads_insights_diario.csv,2026-05-30 00:00:00
CAMP_036,2024-12-07,TikTok Ads,48.19,826,42436,16,USD,ads_insights_diario.csv,2026-05-30 00:00:00
CAMP_036,2024-12-08,TikTok Ads,33.71,525,24451,12,USD,ads_insights_diario.csv,2026-05-30 00:00:00
CAMP_036,2024-12-09,TikTok Ads,37.58,579,23249,30,USD,ads_insights_diario.csv,2026-05-30 00:00:00
CAMP_036,2024-12-10,TikTok Ads,0.00,0,0,0,USD,ads_insights_diario.csv,2026-05-30 00:00:00
CAMP_036,2024-12-11,TikTok Ads,60.47,1108,47320,54,USD,ads_insights_diario.csv,2026-05-30 00:00:00
CAMP_036,2024-12-12,TikTok Ads,67.81,878,40952,13,USD,ads_insights_diario.csv,2026-05-30 00:00:00
CAMP_036,2024-12-13,TikTok Ads,34.44,515,24136,23,USD,ads_insights_diario.csv,2026-05-30 00:00:00
CAMP_036,2024-12-14,TikTok Ads,62.01,982,45127,41,USD,ads_insights_diario.csv,2026-05-30 00:00:00
CAMP_036,2024-12-15,TikTok Ads,39.66,562,26831,22,USD,ads_insights_diario.csv,2026-05-30 00:00:00
CAMP_036,2024-12-16,TikTok Ads,57.84,928,55219,35,USD,ads_insights_diario.csv,2026-05-30 00:00:00
CAMP_036,2024-12-17,TikTok Ads,70.93,1189,57831,42,USD,ads_insights_diario.csv,2026-05-30 00:00:00
CAMP_036,2024-12-18,TikTok Ads,11.79,191,11459,4,USD,ads_insights_diario.csv,2026-05-30 00:00:00
CAMP_036,2024-12-19,TikTok Ads,45.66,616,25360,30,USD,ads_insights_diario.csv,2026-05-30 00:00:00
CAMP_036,2024-12-20,TikTok Ads,37.75,700,31427,13,USD,ads_insights_diario.csv,2026-05-30 00:00:00
CAMP_036,2024-12-21,TikTok Ads,56.76,1064,53535,43,USD,ads_insights_diario.csv,2026-05-30 00:00:00
CAMP_036,2024-12-22,TikTok Ads,0.00,0,0,0,USD,ads_insights_diario.csv,2026-05-30 00:00:00
CAMP_036,2024-12-23,TikTok Ads,5.46,80,4108,1,USD,ads_insights_diario.csv,2026-05-30 00:00:00
