fecha,anio,mes,trimestre,numero_dia_semana,nombre_dia,es_fin_de_semana,es_feriado,nombre_feriado,es_quincena,es_fin_mes,temporada,temperatura_promedio_celsius,temperatura_maxima_celsius,temperatura_minima_celsius,humedad_porcentaje,precipitacion_mm,alerta_ola_calor,fuente_clima,fecha_creacion,fecha_modificacion,usuario_modificacion
2024-01-01,2024,1,1,1,Monday,False,True,Año Nuevo,False,False,Verano,20.9,25.2,17.7,76.4,0.0,False,SENAMHI_SIMULADO_LIMA,2026-05-31 02:43:34.222205,2026-05-31 02:43:34.222205,postgres
2024-01-02,2024,1,1,2,Tuesday,False,False,,False,False,Verano,20.8,25.1,18.8,81.1,0.0,False,SENAMHI_SIMULADO_LIMA,2026-05-31 02:43:34.222205,2026-05-31 02:43:34.222205,postgres
2024-01-03,2024,1,1,3,Wednesday,False,False,,False,False,Verano,20.3,23.2,17.9,79.7,0.0,False,SENAMHI_SIMULADO_LIMA,2026-05-31 02:43:34.222205,2026-05-31 02:43:34.222205,postgres
2024-01-04,2024,1,1,4,Thursday,False,False,,False,False,Verano,18.6,21.9,15.4,82.8,0.0,False,SENAMHI_SIMULADO_LIMA,2026-05-31 02:43:34.222205,2026-05-31 02:43:34.222205,postgres
2024-01-05,2024,1,1,5,Friday,False,False,,False,False,Verano,20.1,23.7,16.5,72.1,0.0,False,SENAMHI_SIMULADO_LIMA,2026-05-31 02:43:34.222205,2026-05-31 02:43:34.222205,postgres
2024-01-06,2024,1,1,6,Saturday,True,False,,False,False,Verano,22.9,25.5,19.7,76.7,0.0,False,SENAMHI_SIMULADO_LIMA,2026-05-31 02:43:34.222205,2026-05-31 02:43:34.222205,postgres
2024-01-07,2024,1,1,7,Sunday,True,False,,False,False,Verano,20.5,24.7,17.6,76.2,0.0,False,SENAMHI_SIMULADO_LIMA,2026-05-31 02:43:34.222205,2026-05-31 02:43:34.222205,postgres
2024-01-08,2024,1,1,1,Monday,False,False,,False,False,Verano,20.6,25.4,18.1,77.2,0.0,False,SENAMHI_SIMULADO_LIMA,2026-05-31 02:43:34.222205,2026-05-31 02:43:34.222205,postgres
2024-01-09,2024,1,1,2,Tuesday,False,False,,False,False,Verano,21.3,25.2,18.9,68.8,0.0,False,SENAMHI_SIMULADO_LIMA,2026-05-31 02:43:34.222205,2026-05-31 02:43:34.222205,postgres
2024-01-10,2024,1,1,3,Wednesday,False,False,,False,False,Verano,21.4,26.2,19.2,80.1,0.0,False,SENAMHI_SIMULADO_LIMA,2026-05-31 02:43:34.222205,2026-05-31 02:43:34.222205,postgres
2024-01-11,2024,1,1,4,Thursday,False,False,,False,False,Verano,21.2,24.7,18.6,75.5,0.0,False,SENAMHI_SIMULADO_LIMA,2026-05-31 02:43:34.222205,2026-05-31 02:43:34.222205,postgres
2024-01-12,2024,1,1,5,Friday,False,False,,False,False,Verano,20.3,24.1,18.0,74.0,0.0,False,SENAMHI_SIMULADO_LIMA,2026-05-31 02:43:34.222205,2026-05-31 02:43:34.222205,postgres
2024-01-13,2024,1,1,6,Saturday,True,False,,False,False,Verano,20.9,23.4,17.3,79.4,0.0,False,SENAMHI_SIMULADO_LIMA,2026-05-31 02:43:34.222205,2026-05-31 02:43:34.222205,postgres
2024-01-14,2024,1,1,7,Sunday,True,False,,False,False,Verano,22.2,24.9,19.5,78.8,0.0,False,SENAMHI_SIMULADO_LIMA,2026-05-31 02:43:34.222205,2026-05-31 02:43:34.222205,postgres
2024-01-15,2024,1,1,1,Monday,False,False,,True,False,Verano,21.9,25.2,19.7,80.0,0.0,False,SENAMHI_SIMULADO_LIMA,2026-05-31 02:43:34.222205,2026-05-31 02:43:34.222205,postgres
2024-01-16,2024,1,1,2,Tuesday,False,False,,False,False,Verano,22.6,26.7,18.8,71.8,0.0,False,SENAMHI_SIMULADO_LIMA,2026-05-31 02:43:34.222205,2026-05-31 02:43:34.222205,postgres
2024-01-17,2024,1,1,3,Wednesday,False,False,,False,False,Verano,22.0,26.4,18.9,73.4,0.0,False,SENAMHI_SIMULADO_LIMA,2026-05-31 02:43:34.222205,2026-05-31 02:43:34.222205,postgres
2024-01-18,2024,1,1,4,Thursday,False,False,,False,False,Verano,24.5,28.1,22.5,70.0,0.0,True,SENAMHI_SIMULADO_LIMA,2026-05-31 02:43:34.222205,2026-05-31 02:43:34.222205,postgres
2024-01-19,2024,1,1,5,Friday,False,False,,False,False,Verano,22.0,25.3,19.0,74.8,0.0,False,SENAMHI_SIMULADO_LIMA,2026-05-31 02:43:34.222205,2026-05-31 02:43:34.222205,postgres
2024-01-20,2024,1,1,6,Saturday,True,False,,False,False,Verano,21.6,26.0,19.1,70.4,0.0,False,SENAMHI_SIMULADO_LIMA,2026-05-31 02:43:34.222205,2026-05-31 02:43:34.222205,postgres
2024-01-21,2024,1,1,7,Sunday,True,False,,False,False,Verano,21.4,26.3,17.8,74.5,0.0,False,SENAMHI_SIMULADO_LIMA,2026-05-31 02:43:34.222205,2026-05-31 02:43:34.222205,postgres
2024-01-22,2024,1,1,1,Monday,False,False,,False,False,Verano,22.4,25.3,18.6,76.9,0.0,False,SENAMHI_SIMULADO_LIMA,2026-05-31 02:43:34.222205,2026-05-31 02:43:34.222205,postgres
2024-01-23,2024,1,1,2,Tuesday,False,False,,False,False,Verano,21.7,24.8,18.8,75.0,0.0,False,SENAMHI_SIMULADO_LIMA,2026-05-31 02:43:34.222205,2026-05-31 02:43:34.222205,postgres
2024-01-24,2024,1,1,3,Wednesday,False,False,,False,False,Verano,20.2,23.3,18.0,79.0,0.0,False,SENAMHI_SIMULADO_LIMA,2026-05-31 02:43:34.222205,2026-05-31 02:43:34.222205,postgres
2024-01-25,2024,1,1,4,Thursday,False,False,,False,False,Verano,22.3,26.1,18.9,77.4,0.0,False,SENAMHI_SIMULADO_LIMA,2026-05-31 02:43:34.222205,2026-05-31 02:43:34.222205,postgres
2024-01-26,2024,1,1,5,Friday,False,False,,False,False,Verano,22.5,25.7,19.9,68.9,1.9,False,SENAMHI_SIMULADO_LIMA,2026-05-31 02:43:34.222205,2026-05-31 02:43:34.222205,postgres
2024-01-27,2024,1,1,6,Saturday,True,False,,False,False,Verano,22.0,25.2,18.2,76.0,0.0,False,SENAMHI_SIMULADO_LIMA,2026-05-31 02:43:34.222205,2026-05-31 02:43:34.222205,postgres
2024-01-28,2024,1,1,7,Sunday,True,False,,False,False,Verano,22.6,27.6,20.1,70.8,0.0,False,SENAMHI_SIMULADO_LIMA,2026-05-31 02:43:34.222205,2026-05-31 02:43:34.222205,postgres
2024-01-29,2024,1,1,1,Monday,False,False,,False,False,Verano,22.1,26.4,19.4,79.0,0.0,False,SENAMHI_SIMULADO_LIMA,2026-05-31 02:43:34.222205,2026-05-31 02:43:34.222205,postgres
2024-01-30,2024,1,1,2,Tuesday,False,False,,True,False,Verano,23.3,26.0,19.6,83.6,0.0,False,SENAMHI_SIMULADO_LIMA,2026-05-31 02:43:34.222205,2026-05-31 02:43:34.222205,postgres
2024-01-31,2024,1,1,3,Wednesday,False,False,,True,True,Verano,24.2,26.8,21.2,77.5,0.0,False,SENAMHI_SIMULADO_LIMA,2026-05-31 02:43:34.222205,2026-05-31 02:43:34.222205,postgres
2024-02-01,2024,2,1,4,Thursday,False,False,,False,False,Verano,22.1,26.3,19.3,77.8,0.0,False,SENAMHI_SIMULADO_LIMA,2026-05-31 02:43:34.222205,2026-05-31 02:43:34.222205,postgres
2024-02-02,2024,2,1,5,Friday,False,False,,False,False,Verano,22.7,25.5,18.9,71.8,0.0,False,SENAMHI_SIMULADO_LIMA,2026-05-31 02:43:34.222205,2026-05-31 02:43:34.222205,postgres
2024-02-03,2024,2,1,6,Saturday,True,False,,False,False,Verano,23.8,28.3,20.7,69.5,0.0,True,SENAMHI_SIMULADO_LIMA,2026-05-31 02:43:34.222205,2026-05-31 02:43:34.222205,postgres
2024-02-04,2024,2,1,7,Sunday,True,False,,False,False,Verano,22.9,27.7,19.1,74.3,0.0,False,SENAMHI_SIMULADO_LIMA,2026-05-31 02:43:34.222205,2026-05-31 02:43:34.222205,postgres
2024-02-05,2024,2,1,1,Monday,False,False,,False,False,Verano,22.3,26.6,18.5,70.5,0.0,False,SENAMHI_SIMULADO_LIMA,2026-05-31 02:43:34.222205,2026-05-31 02:43:34.222205,postgres
2024-02-06,2024,2,1,2,Tuesday,False,False,,False,False,Verano,23.8,26.6,21.5,79.2,0.0,False,SENAMHI_SIMULADO_LIMA,2026-05-31 02:43:34.222205,2026-05-31 02:43:34.222205,postgres
2024-02-07,2024,2,1,3,Wednesday,False,False,,False,False,Verano,23.7,26.2,21.3,71.6,0.0,False,SENAMHI_SIMULADO_LIMA,2026-05-31 02:43:34.222205,2026-05-31 02:43:34.222205,postgres
2024-02-08,2024,2,1,4,Thursday,False,False,,False,False,Verano,24.3,27.4,20.9,79.2,0.0,False,SENAMHI_SIMULADO_LIMA,2026-05-31 02:43:34.222205,2026-05-31 02:43:34.222205,postgres
2024-02-09,2024,2,1,5,Friday,False,False,,False,False,Verano,24.5,28.6,20.8,70.5,0.0,True,SENAMHI_SIMULADO_LIMA,2026-05-31 02:43:34.222205,2026-05-31 02:43:34.222205,postgres
2024-02-10,2024,2,1,6,Saturday,True,False,,False,False,Verano,23.0,26.4,20.4,75.7,0.0,False,SENAMHI_SIMULADO_LIMA,2026-05-31 02:43:34.222205,2026-05-31 02:43:34.222205,postgres
2024-02-11,2024,2,1,7,Sunday,True,False,,False,False,Verano,23.7,28.4,20.4,75.9,0.0,True,SENAMHI_SIMULADO_LIMA,2026-05-31 02:43:34.222205,2026-05-31 02:43:34.222205,postgres
2024-02-12,2024,2,1,1,Monday,False,False,,False,False,Verano,26.0,29.7,23.6,72.8,0.0,True,SENAMHI_SIMULADO_LIMA,2026-05-31 02:43:34.222205,2026-05-31 02:43:34.222205,postgres
2024-02-13,2024,2,1,2,Tuesday,False,False,,False,False,Verano,23.0,27.9,19.1,77.0,0.0,False,SENAMHI_SIMULADO_LIMA,2026-05-31 02:43:34.222205,2026-05-31 02:43:34.222205,postgres
2024-02-14,2024,2,1,3,Wednesday,False,False,,False,False,Verano,23.9,28.8,19.9,77.3,0.0,True,SENAMHI_SIMULADO_LIMA,2026-05-31 02:43:34.222205,2026-05-31 02:43:34.222205,postgres
2024-02-15,2024,2,1,4,Thursday,False,False,,True,False,Verano,23.4,28.0,20.7,68.7,0.0,False,SENAMHI_SIMULADO_LIMA,2026-05-31 02:43:34.222205,2026-05-31 02:43:34.222205,postgres
2024-02-16,2024,2,1,5,Friday,False,False,,False,False,Verano,24.7,28.9,21.5,74.0,0.0,True,SENAMHI_SIMULADO_LIMA,2026-05-31 02:43:34.222205,2026-05-31 02:43:34.222205,postgres
2024-02-17,2024,2,1,6,Saturday,True,False,,False,False,Verano,24.2,28.9,20.7,69.4,0.0,True,SENAMHI_SIMULADO_LIMA,2026-05-31 02:43:34.222205,2026-05-31 02:43:34.222205,postgres
2024-02-18,2024,2,1,7,Sunday,True,False,,False,False,Verano,23.5,26.7,19.9,80.2,0.0,False,SENAMHI_SIMULADO_LIMA,2026-05-31 02:43:34.222205,2026-05-31 02:43:34.222205,postgres
2024-02-19,2024,2,1,1,Monday,False,False,,False,False,Verano,24.7,29.2,21.4,89.0,0.0,True,SENAMHI_SIMULADO_LIMA,2026-05-31 02:43:34.222205,2026-05-31 02:43:34.222205,postgres
2024-02-20,2024,2,1,2,Tuesday,False,False,,False,False,Verano,24.6,27.9,21.8,74.4,0.0,False,SENAMHI_SIMULADO_LIMA,2026-05-31 02:43:34.222205,2026-05-31 02:43:34.222205,postgres
2024-02-21,2024,2,1,3,Wednesday,False,False,,False,False,Verano,24.1,27.7,21.0,74.5,0.0,False,SENAMHI_SIMULADO_LIMA,2026-05-31 02:43:34.222205,2026-05-31 02:43:34.222205,postgres
2024-02-22,2024,2,1,4,Thursday,False,False,,False,False,Verano,24.2,26.8,20.5,74.3,0.0,False,SENAMHI_SIMULADO_LIMA,2026-05-31 02:43:34.222205,2026-05-31 02:43:34.222205,postgres
2024-02-23,2024,2,1,5,Friday,False,False,,False,False,Verano,24.6,29.1,22.2,69.3,0.0,True,SENAMHI_SIMULADO_LIMA,2026-05-31 02:43:34.222205,2026-05-31 02:43:34.222205,postgres
2024-02-24,2024,2,1,6,Saturday,True,False,,False,False,Verano,26.6,30.7,23.1,79.3,0.0,True,SENAMHI_SIMULADO_LIMA,2026-05-31 02:43:34.222205,2026-05-31 02:43:34.222205,postgres
2024-02-25,2024,2,1,7,Sunday,True,False,,False,False,Verano,23.1,27.6,20.6,75.8,0.0,False,SENAMHI_SIMULADO_LIMA,2026-05-31 02:43:34.222205,2026-05-31 02:43:34.222205,postgres
2024-02-26,2024,2,1,1,Monday,False,False,,False,False,Verano,24.2,27.1,21.9,80.7,0.0,False,SENAMHI_SIMULADO_LIMA,2026-05-31 02:43:34.222205,2026-05-31 02:43:34.222205,postgres
2024-02-27,2024,2,1,2,Tuesday,False,False,,False,False,Verano,26.3,30.4,23.7,73.8,0.0,True,SENAMHI_SIMULADO_LIMA,2026-05-31 02:43:34.222205,2026-05-31 02:43:34.222205,postgres
2024-02-28,2024,2,1,3,Wednesday,False,False,,False,False,Verano,25.2,29.2,22.4,79.7,0.0,True,SENAMHI_SIMULADO_LIMA,2026-05-31 02:43:34.222205,2026-05-31 02:43:34.222205,postgres
2024-02-29,2024,2,1,4,Thursday,False,False,,False,True,Verano,26.0,28.5,23.8,69.6,0.0,True,SENAMHI_SIMULADO_LIMA,2026-05-31 02:43:34.222205,2026-05-31 02:43:34.222205,postgres
2024-03-01,2024,3,1,5,Friday,False,False,,False,False,Verano,24.9,27.6,21.9,80.9,0.0,False,SENAMHI_SIMULADO_LIMA,2026-05-31 02:43:34.222205,2026-05-31 02:43:34.222205,postgres
2024-03-02,2024,3,1,6,Saturday,True,False,,False,False,Verano,24.9,28.4,21.7,68.4,0.0,True,SENAMHI_SIMULADO_LIMA,2026-05-31 02:43:34.222205,2026-05-31 02:43:34.222205,postgres
2024-03-03,2024,3,1,7,Sunday,True,False,,False,False,Verano,25.1,29.1,22.1,71.4,0.0,True,SENAMHI_SIMULADO_LIMA,2026-05-31 02:43:34.222205,2026-05-31 02:43:34.222205,postgres
2024-03-04,2024,3,1,1,Monday,False,False,,False,False,Verano,24.4,27.1,21.2,75.7,1.8,False,SENAMHI_SIMULADO_LIMA,2026-05-31 02:43:34.222205,2026-05-31 02:43:34.222205,postgres
2024-03-05,2024,3,1,2,Tuesday,False,False,,False,False,Verano,25.4,28.8,22.1,75.6,0.0,True,SENAMHI_SIMULADO_LIMA,2026-05-31 02:43:34.222205,2026-05-31 02:43:34.222205,postgres
2024-03-06,2024,3,1,3,Wednesday,False,False,,False,False,Verano,25.9,29.4,22.0,72.8,0.0,True,SENAMHI_SIMULADO_LIMA,2026-05-31 02:43:34.222205,2026-05-31 02:43:34.222205,postgres
2024-03-07,2024,3,1,4,Thursday,False,False,,False,False,Verano,25.6,28.3,23.0,70.3,0.0,True,SENAMHI_SIMULADO_LIMA,2026-05-31 02:43:34.222205,2026-05-31 02:43:34.222205,postgres
2024-03-08,2024,3,1,5,Friday,False,False,,False,False,Verano,25.0,29.2,21.7,71.9,0.0,True,SENAMHI_SIMULADO_LIMA,2026-05-31 02:43:34.222205,2026-05-31 02:43:34.222205,postgres
2024-03-09,2024,3,1,6,Saturday,True,False,,False,False,Verano,26.2,29.4,23.8,74.8,0.0,True,SENAMHI_SIMULADO_LIMA,2026-05-31 02:43:34.222205,2026-05-31 02:43:34.222205,postgres
2024-03-10,2024,3,1,7,Sunday,True,False,,False,False,Verano,24.1,28.6,21.4,69.2,0.0,True,SENAMHI_SIMULADO_LIMA,2026-05-31 02:43:34.222205,2026-05-31 02:43:34.222205,postgres
2024-03-11,2024,3,1,1,Monday,False,False,,False,False,Verano,25.4,29.8,21.9,77.3,0.0,True,SENAMHI_SIMULADO_LIMA,2026-05-31 02:43:34.222205,2026-05-31 02:43:34.222205,postgres
2024-03-12,2024,3,1,2,Tuesday,False,False,,False,False,Verano,25.7,30.2,23.0,76.4,0.0,True,SENAMHI_SIMULADO_LIMA,2026-05-31 02:43:34.222205,2026-05-31 02:43:34.222205,postgres
2024-03-13,2024,3,1,3,Wednesday,False,False,,False,False,Verano,26.0,30.8,22.8,71.9,0.0,True,SENAMHI_SIMULADO_LIMA,2026-05-31 02:43:34.222205,2026-05-31 02:43:34.222205,postgres
2024-03-14,2024,3,1,4,Thursday,False,False,,False,False,Verano,24.3,27.6,21.0,72.1,0.0,False,SENAMHI_SIMULADO_LIMA,2026-05-31 02:43:34.222205,2026-05-31 02:43:34.222205,postgres
2024-03-15,2024,3,1,5,Friday,False,False,,True,False,Verano,26.3,29.0,23.3,74.6,0.0,True,SENAMHI_SIMULADO_LIMA,2026-05-31 02:43:34.222205,2026-05-31 02:43:34.222205,postgres
2024-03-16,2024,3,1,6,Saturday,True,False,,False,False,Verano,24.2,28.9,21.5,81.1,0.0,True,SENAMHI_SIMULADO_LIMA,2026-05-31 02:43:34.222205,2026-05-31 02:43:34.222205,postgres
2024-03-17,2024,3,1,7,Sunday,True,False,,False,False,Verano,26.2,30.3,24.0,69.9,0.0,True,SENAMHI_SIMULADO_LIMA,2026-05-31 02:43:34.222205,2026-05-31 02:43:34.222205,postgres
2024-03-18,2024,3,1,1,Monday,False,False,,False,False,Verano,25.6,30.2,22.2,73.6,0.0,True,SENAMHI_SIMULADO_LIMA,2026-05-31 02:43:34.222205,2026-05-31 02:43:34.222205,postgres
2024-03-19,2024,3,1,2,Tuesday,False,False,,False,False,Verano,24.8,29.4,20.9,67.8,0.0,True,SENAMHI_SIMULADO_LIMA,2026-05-31 02:43:34.222205,2026-05-31 02:43:34.222205,postgres
2024-03-20,2024,3,1,3,Wednesday,False,False,,False,False,Verano,25.5,28.2,21.9,78.3,0.0,True,SENAMHI_SIMULADO_LIMA,2026-05-31 02:43:34.222205,2026-05-31 02:43:34.222205,postgres
2024-03-21,2024,3,1,4,Thursday,False,False,,False,False,Verano,26.8,29.5,23.8,71.1,1.5,True,SENAMHI_SIMULADO_LIMA,2026-05-31 02:43:34.222205,2026-05-31 02:43:34.222205,postgres
2024-03-22,2024,3,1,5,Friday,False,False,,False,False,Verano,26.4,30.7,23.2,68.8,0.0,True,SENAMHI_SIMULADO_LIMA,2026-05-31 02:43:34.222205,2026-05-31 02:43:34.222205,postgres
2024-03-23,2024,3,1,6,Saturday,True,False,,False,False,Verano,25.0,29.7,22.5,69.9,0.0,True,SENAMHI_SIMULADO_LIMA,2026-05-31 02:43:34.222205,2026-05-31 02:43:34.222205,postgres
2024-03-24,2024,3,1,7,Sunday,True,False,,False,False,Verano,26.4,29.0,23.3,72.1,0.0,True,SENAMHI_SIMULADO_LIMA,2026-05-31 02:43:34.222205,2026-05-31 02:43:34.222205,postgres
2024-03-25,2024,3,1,1,Monday,False,False,,False,False,Verano,28.0,32.3,25.1,72.2,0.0,True,SENAMHI_SIMULADO_LIMA,2026-05-31 02:43:34.222205,2026-05-31 02:43:34.222205,postgres
2024-03-26,2024,3,1,2,Tuesday,False,False,,False,False,Verano,27.0,29.6,24.4,72.3,0.0,True,SENAMHI_SIMULADO_LIMA,2026-05-31 02:43:34.222205,2026-05-31 02:43:34.222205,postgres
2024-03-27,2024,3,1,3,Wednesday,False,False,,False,False,Verano,26.2,30.3,23.6,76.1,0.0,True,SENAMHI_SIMULADO_LIMA,2026-05-31 02:43:34.222205,2026-05-31 02:43:34.222205,postgres
2024-03-28,2024,3,1,4,Thursday,False,True,Jueves Santo,False,False,Verano,24.6,28.6,22.5,71.5,0.0,True,SENAMHI_SIMULADO_LIMA,2026-05-31 02:43:34.222205,2026-05-31 02:43:34.222205,postgres
2024-03-29,2024,3,1,5,Friday,False,True,Viernes Santo,False,False,Verano,24.8,29.4,21.5,74.9,0.0,True,SENAMHI_SIMULADO_LIMA,2026-05-31 02:43:34.222205,2026-05-31 02:43:34.222205,postgres
2024-03-30,2024,3,1,6,Saturday,True,False,,True,False,Verano,25.3,30.2,21.6,80.3,0.0,True,SENAMHI_SIMULADO_LIMA,2026-05-31 02:43:34.222205,2026-05-31 02:43:34.222205,postgres
2024-03-31,2024,3,1,7,Sunday,True,False,,True,True,Verano,26.4,30.9,22.4,71.0,0.0,True,SENAMHI_SIMULADO_LIMA,2026-05-31 02:43:34.222205,2026-05-31 02:43:34.222205,postgres
2024-04-01,2024,4,2,1,Monday,False,False,,False,False,Intermedia,25.1,30.0,21.4,78.7,0.0,True,SENAMHI_SIMULADO_LIMA,2026-05-31 02:43:34.222205,2026-05-31 02:43:34.222205,postgres
2024-04-02,2024,4,2,2,Tuesday,False,False,,False,False,Intermedia,24.5,27.7,22.4,70.1,0.0,False,SENAMHI_SIMULADO_LIMA,2026-05-31 02:43:34.222205,2026-05-31 02:43:34.222205,postgres
2024-04-03,2024,4,2,3,Wednesday,False,False,,False,False,Intermedia,26.5,30.9,22.6,72.1,0.0,True,SENAMHI_SIMULADO_LIMA,2026-05-31 02:43:34.222205,2026-05-31 02:43:34.222205,postgres
2024-04-04,2024,4,2,4,Thursday,False,False,,False,False,Intermedia,26.3,29.1,22.4,65.8,0.0,True,SENAMHI_SIMULADO_LIMA,2026-05-31 02:43:34.222205,2026-05-31 02:43:34.222205,postgres
2024-04-05,2024,4,2,5,Friday,False,False,,False,False,Intermedia,27.1,31.1,24.4,66.9,0.0,True,SENAMHI_SIMULADO_LIMA,2026-05-31 02:43:34.222205,2026-05-31 02:43:34.222205,postgres
2024-04-06,2024,4,2,6,Saturday,True,False,,False,False,Intermedia,26.7,31.2,23.7,79.9,0.0,True,SENAMHI_SIMULADO_LIMA,2026-05-31 02:43:34.222205,2026-05-31 02:43:34.222205,postgres
2024-04-07,2024,4,2,7,Sunday,True,False,,False,False,Intermedia,28.2,32.9,25.4,77.4,0.0,True,SENAMHI_SIMULADO_LIMA,2026-05-31 02:43:34.222205,2026-05-31 02:43:34.222205,postgres
2024-04-08,2024,4,2,1,Monday,False,False,,False,False,Intermedia,27.8,30.8,25.5,74.3,1.1,True,SENAMHI_SIMULADO_LIMA,2026-05-31 02:43:34.222205,2026-05-31 02:43:34.222205,postgres
2024-04-09,2024,4,2,2,Tuesday,False,False,,False,False,Intermedia,25.2,28.8,21.4,78.9,0.0,True,SENAMHI_SIMULADO_LIMA,2026-05-31 02:43:34.222205,2026-05-31 02:43:34.222205,postgres
2024-04-10,2024,4,2,3,Wednesday,False,False,,False,False,Intermedia,27.8,31.3,24.6,71.1,0.0,True,SENAMHI_SIMULADO_LIMA,2026-05-31 02:43:34.222205,2026-05-31 02:43:34.222205,postgres
2024-04-11,2024,4,2,4,Thursday,False,False,,False,False,Intermedia,26.6,29.8,23.7,75.0,0.0,True,SENAMHI_SIMULADO_LIMA,2026-05-31 02:43:34.222205,2026-05-31 02:43:34.222205,postgres
2024-04-12,2024,4,2,5,Friday,False,False,,False,False,Intermedia,25.0,29.1,22.5,72.9,0.0,True,SENAMHI_SIMULADO_LIMA,2026-05-31 02:43:34.222205,2026-05-31 02:43:34.222205,postgres
2024-04-13,2024,4,2,6,Saturday,True,False,,False,False,Intermedia,25.8,29.1,22.0,74.5,0.0,True,SENAMHI_SIMULADO_LIMA,2026-05-31 02:43:34.222205,2026-05-31 02:43:34.222205,postgres
2024-04-14,2024,4,2,7,Sunday,True,False,,False,False,Intermedia,25.9,28.9,23.8,74.5,0.0,True,SENAMHI_SIMULADO_LIMA,2026-05-31 02:43:34.222205,2026-05-31 02:43:34.222205,postgres
2024-04-15,2024,4,2,1,Monday,False,False,,True,False,Intermedia,26.0,28.7,23.8,70.1,0.0,True,SENAMHI_SIMULADO_LIMA,2026-05-31 02:43:34.222205,2026-05-31 02:43:34.222205,postgres
2024-04-16,2024,4,2,2,Tuesday,False,False,,False,False,Intermedia,26.2,30.0,22.9,67.4,2.4,True,SENAMHI_SIMULADO_LIMA,2026-05-31 02:43:34.222205,2026-05-31 02:43:34.222205,postgres
2024-04-17,2024,4,2,3,Wednesday,False,False,,False,False,Intermedia,26.1,30.8,22.3,73.1,0.0,True,SENAMHI_SIMULADO_LIMA,2026-05-31 02:43:34.222205,2026-05-31 02:43:34.222205,postgres
2024-04-18,2024,4,2,4,Thursday,False,False,,False,False,Intermedia,27.4,31.7,25.0,68.7,0.0,True,SENAMHI_SIMULADO_LIMA,2026-05-31 02:43:34.222205,2026-05-31 02:43:34.222205,postgres
2024-04-19,2024,4,2,5,Friday,False,False,,False,False,Intermedia,26.5,30.5,23.7,62.8,0.0,True,SENAMHI_SIMULADO_LIMA,2026-05-31 02:43:34.222205,2026-05-31 02:43:34.222205,postgres
2024-04-20,2024,4,2,6,Saturday,True,False,,False,False,Intermedia,27.4,32.1,24.4,67.2,0.0,True,SENAMHI_SIMULADO_LIMA,2026-05-31 02:43:34.222205,2026-05-31 02:43:34.222205,postgres
2024-04-21,2024,4,2,7,Sunday,True,False,,False,False,Intermedia,26.6,30.4,24.1,68.0,0.0,True,SENAMHI_SIMULADO_LIMA,2026-05-31 02:43:34.222205,2026-05-31 02:43:34.222205,postgres
2024-04-22,2024,4,2,1,Monday,False,False,,False,False,Intermedia,26.5,29.9,24.1,71.7,0.0,True,SENAMHI_SIMULADO_LIMA,2026-05-31 02:43:34.222205,2026-05-31 02:43:34.222205,postgres
2024-04-23,2024,4,2,2,Tuesday,False,False,,False,False,Intermedia,28.0,32.5,25.0,74.1,0.0,True,SENAMHI_SIMULADO_LIMA,2026-05-31 02:43:34.222205,2026-05-31 02:43:34.222205,postgres
2024-04-24,2024,4,2,3,Wednesday,False,False,,False,False,Intermedia,28.6,33.0,25.7,74.1,0.0,True,SENAMHI_SIMULADO_LIMA,2026-05-31 02:43:34.222205,2026-05-31 02:43:34.222205,postgres
2024-04-25,2024,4,2,4,Thursday,False,False,,False,False,Intermedia,26.0,30.1,22.8,66.9,0.0,True,SENAMHI_SIMULADO_LIMA,2026-05-31 02:43:34.222205,2026-05-31 02:43:34.222205,postgres
2024-04-26,2024,4,2,5,Friday,False,False,,False,False,Intermedia,26.7,29.8,24.5,72.3,0.0,True,SENAMHI_SIMULADO_LIMA,2026-05-31 02:43:34.222205,2026-05-31 02:43:34.222205,postgres
2024-04-27,2024,4,2,6,Saturday,True,False,,False,False,Intermedia,26.2,29.1,23.6,70.3,0.0,True,SENAMHI_SIMULADO_LIMA,2026-05-31 02:43:34.222205,2026-05-31 02:43:34.222205,postgres
2024-04-28,2024,4,2,7,Sunday,True,False,,False,False,Intermedia,24.7,29.6,22.4,76.3,0.0,True,SENAMHI_SIMULADO_LIMA,2026-05-31 02:43:34.222205,2026-05-31 02:43:34.222205,postgres
2024-04-29,2024,4,2,1,Monday,False,False,,False,False,Intermedia,26.2,29.1,22.9,75.3,0.0,True,SENAMHI_SIMULADO_LIMA,2026-05-31 02:43:34.222205,2026-05-31 02:43:34.222205,postgres
2024-04-30,2024,4,2,2,Tuesday,False,False,,True,True,Intermedia,28.3,31.5,24.7,76.8,0.0,True,SENAMHI_SIMULADO_LIMA,2026-05-31 02:43:34.222205,2026-05-31 02:43:34.222205,postgres
2024-05-01,2024,5,2,3,Wednesday,False,True,Dia del Trabajo,False,False,Intermedia,26.0,29.8,23.5,65.2,0.0,True,SENAMHI_SIMULADO_LIMA,2026-05-31 02:43:34.222205,2026-05-31 02:43:34.222205,postgres
2024-05-02,2024,5,2,4,Thursday,False,False,,False,False,Intermedia,25.4,29.3,23.1,76.1,0.0,True,SENAMHI_SIMULADO_LIMA,2026-05-31 02:43:34.222205,2026-05-31 02:43:34.222205,postgres
2024-05-03,2024,5,2,5,Friday,False,False,,False,False,Intermedia,26.1,29.4,23.8,72.5,0.0,True,SENAMHI_SIMULADO_LIMA,2026-05-31 02:43:34.222205,2026-05-31 02:43:34.222205,postgres
2024-05-04,2024,5,2,6,Saturday,True,False,,False,False,Intermedia,26.1,30.3,22.6,75.4,0.0,True,SENAMHI_SIMULADO_LIMA,2026-05-31 02:43:34.222205,2026-05-31 02:43:34.222205,postgres
2024-05-05,2024,5,2,7,Sunday,True,False,,False,False,Intermedia,24.6,27.9,20.7,70.5,0.0,False,SENAMHI_SIMULADO_LIMA,2026-05-31 02:43:34.222205,2026-05-31 02:43:34.222205,postgres
2024-05-06,2024,5,2,1,Monday,False,False,,False,False,Intermedia,26.7,29.6,24.5,72.2,0.0,True,SENAMHI_SIMULADO_LIMA,2026-05-31 02:43:34.222205,2026-05-31 02:43:34.222205,postgres
2024-05-07,2024,5,2,2,Tuesday,False,False,,False,False,Intermedia,27.4,30.3,23.9,72.1,0.0,True,SENAMHI_SIMULADO_LIMA,2026-05-31 02:43:34.222205,2026-05-31 02:43:34.222205,postgres
2024-05-08,2024,5,2,3,Wednesday,False,False,,False,False,Intermedia,26.2,30.8,22.9,70.9,0.0,True,SENAMHI_SIMULADO_LIMA,2026-05-31 02:43:34.222205,2026-05-31 02:43:34.222205,postgres
2024-05-09,2024,5,2,4,Thursday,False,False,,False,False,Intermedia,27.2,30.6,23.5,70.1,0.0,True,SENAMHI_SIMULADO_LIMA,2026-05-31 02:43:34.222205,2026-05-31 02:43:34.222205,postgres
2024-05-10,2024,5,2,5,Friday,False,False,,False,False,Intermedia,25.9,29.2,22.4,63.6,0.0,True,SENAMHI_SIMULADO_LIMA,2026-05-31 02:43:34.222205,2026-05-31 02:43:34.222205,postgres
2024-05-11,2024,5,2,6,Saturday,True,False,,False,False,Intermedia,26.7,30.1,23.6,70.9,0.0,True,SENAMHI_SIMULADO_LIMA,2026-05-31 02:43:34.222205,2026-05-31 02:43:34.222205,postgres
2024-05-12,2024,5,2,7,Sunday,True,False,,False,False,Intermedia,25.7,30.5,22.4,73.8,0.0,True,SENAMHI_SIMULADO_LIMA,2026-05-31 02:43:34.222205,2026-05-31 02:43:34.222205,postgres
2024-05-13,2024,5,2,1,Monday,False,False,,False,False,Intermedia,26.6,30.7,23.6,70.2,0.0,True,SENAMHI_SIMULADO_LIMA,2026-05-31 02:43:34.222205,2026-05-31 02:43:34.222205,postgres
2024-05-14,2024,5,2,2,Tuesday,False,False,,False,False,Intermedia,25.9,29.2,23.4,74.1,0.0,True,SENAMHI_SIMULADO_LIMA,2026-05-31 02:43:34.222205,2026-05-31 02:43:34.222205,postgres
2024-05-15,2024,5,2,3,Wednesday,False,False,,True,False,Intermedia,26.3,30.8,22.6,70.2,0.0,True,SENAMHI_SIMULADO_LIMA,2026-05-31 02:43:34.222205,2026-05-31 02:43:34.222205,postgres
2024-05-16,2024,5,2,4,Thursday,False,False,,False,False,Intermedia,27.3,30.2,24.8,69.5,0.0,True,SENAMHI_SIMULADO_LIMA,2026-05-31 02:43:34.222205,2026-05-31 02:43:34.222205,postgres
2024-05-17,2024,5,2,5,Friday,False,False,,False,False,Intermedia,26.9,31.2,23.8,77.0,0.0,True,SENAMHI_SIMULADO_LIMA,2026-05-31 02:43:34.222205,2026-05-31 02:43:34.222205,postgres
2024-05-18,2024,5,2,6,Saturday,True,False,,False,False,Intermedia,25.3,30.1,22.2,70.9,0.0,True,SENAMHI_SIMULADO_LIMA,2026-05-31 02:43:34.222205,2026-05-31 02:43:34.222205,postgres
2024-05-19,2024,5,2,7,Sunday,True,False,,False,False,Intermedia,26.7,29.6,23.5,71.6,0.0,True,SENAMHI_SIMULADO_LIMA,2026-05-31 02:43:34.222205,2026-05-31 02:43:34.222205,postgres
2024-05-20,2024,5,2,1,Monday,False,False,,False,False,Intermedia,25.9,30.6,22.1,72.6,0.0,True,SENAMHI_SIMULADO_LIMA,2026-05-31 02:43:34.222205,2026-05-31 02:43:34.222205,postgres
2024-05-21,2024,5,2,2,Tuesday,False,False,,False,False,Intermedia,26.5,30.7,24.2,72.9,0.0,True,SENAMHI_SIMULADO_LIMA,2026-05-31 02:43:34.222205,2026-05-31 02:43:34.222205,postgres
2024-05-22,2024,5,2,3,Wednesday,False,False,,False,False,Intermedia,25.0,29.3,21.1,80.9,0.0,True,SENAMHI_SIMULADO_LIMA,2026-05-31 02:43:34.222205,2026-05-31 02:43:34.222205,postgres
2024-05-23,2024,5,2,4,Thursday,False,False,,False,False,Intermedia,25.2,30.2,21.5,72.6,0.0,True,SENAMHI_SIMULADO_LIMA,2026-05-31 02:43:34.222205,2026-05-31 02:43:34.222205,postgres
2024-05-24,2024,5,2,5,Friday,False,False,,False,False,Intermedia,28.0,31.5,25.9,72.7,0.0,True,SENAMHI_SIMULADO_LIMA,2026-05-31 02:43:34.222205,2026-05-31 02:43:34.222205,postgres
2024-05-25,2024,5,2,6,Saturday,True,False,,False,False,Intermedia,25.1,28.9,21.3,66.6,0.0,True,SENAMHI_SIMULADO_LIMA,2026-05-31 02:43:34.222205,2026-05-31 02:43:34.222205,postgres
2024-05-26,2024,5,2,7,Sunday,True,False,,False,False,Intermedia,26.9,30.5,24.4,68.3,0.0,True,SENAMHI_SIMULADO_LIMA,2026-05-31 02:43:34.222205,2026-05-31 02:43:34.222205,postgres
2024-05-27,2024,5,2,1,Monday,False,False,,False,False,Intermedia,25.6,29.4,22.8,71.7,0.0,True,SENAMHI_SIMULADO_LIMA,2026-05-31 02:43:34.222205,2026-05-31 02:43:34.222205,postgres
2024-05-28,2024,5,2,2,Tuesday,False,False,,False,False,Intermedia,26.6,30.7,24.6,64.5,0.0,True,SENAMHI_SIMULADO_LIMA,2026-05-31 02:43:34.222205,2026-05-31 02:43:34.222205,postgres
2024-05-29,2024,5,2,3,Wednesday,False,False,,False,False,Intermedia,25.5,28.2,21.5,68.4,0.0,True,SENAMHI_SIMULADO_LIMA,2026-05-31 02:43:34.222205,2026-05-31 02:43:34.222205,postgres
2024-05-30,2024,5,2,4,Thursday,False,False,,True,False,Intermedia,25.1,29.5,22.7,73.8,0.0,True,SENAMHI_SIMULADO_LIMA,2026-05-31 02:43:34.222205,2026-05-31 02:43:34.222205,postgres
2024-05-31,2024,5,2,5,Friday,False,False,,True,True,Intermedia,25.2,27.7,22.2,71.0,0.0,False,SENAMHI_SIMULADO_LIMA,2026-05-31 02:43:34.222205,2026-05-31 02:43:34.222205,postgres
2024-06-01,2024,6,2,6,Saturday,True,False,,False,False,Invierno,26.7,30.3,23.9,61.2,0.0,True,SENAMHI_SIMULADO_LIMA,2026-05-31 02:43:34.222205,2026-05-31 02:43:34.222205,postgres
2024-06-02,2024,6,2,7,Sunday,True,False,,False,False,Invierno,25.2,29.9,21.3,71.6,0.0,True,SENAMHI_SIMULADO_LIMA,2026-05-31 02:43:34.222205,2026-05-31 02:43:34.222205,postgres
2024-06-03,2024,6,2,1,Monday,False,False,,False,False,Invierno,26.1,29.6,24.1,67.0,0.0,True,SENAMHI_SIMULADO_LIMA,2026-05-31 02:43:34.222205,2026-05-31 02:43:34.222205,postgres
2024-06-04,2024,6,2,2,Tuesday,False,False,,False,False,Invierno,26.1,28.7,23.7,77.4,0.0,True,SENAMHI_SIMULADO_LIMA,2026-05-31 02:43:34.222205,2026-05-31 02:43:34.222205,postgres
2024-06-05,2024,6,2,3,Wednesday,False,False,,False,False,Invierno,25.4,28.4,22.1,72.4,0.0,True,SENAMHI_SIMULADO_LIMA,2026-05-31 02:43:34.222205,2026-05-31 02:43:34.222205,postgres
2024-06-06,2024,6,2,4,Thursday,False,False,,False,False,Invierno,25.1,29.4,21.4,71.7,0.0,True,SENAMHI_SIMULADO_LIMA,2026-05-31 02:43:34.222205,2026-05-31 02:43:34.222205,postgres
2024-06-07,2024,6,2,5,Friday,False,False,,False,False,Invierno,26.5,29.6,24.0,67.9,0.0,True,SENAMHI_SIMULADO_LIMA,2026-05-31 02:43:34.222205,2026-05-31 02:43:34.222205,postgres
2024-06-08,2024,6,2,6,Saturday,True,False,,False,False,Invierno,25.4,29.0,21.6,67.9,0.0,True,SENAMHI_SIMULADO_LIMA,2026-05-31 02:43:34.222205,2026-05-31 02:43:34.222205,postgres
2024-06-09,2024,6,2,7,Sunday,True,False,,False,False,Invierno,24.1,27.6,20.9,70.8,0.0,False,SENAMHI_SIMULADO_LIMA,2026-05-31 02:43:34.222205,2026-05-31 02:43:34.222205,postgres
2024-06-10,2024,6,2,1,Monday,False,False,,False,False,Invierno,24.0,27.9,21.1,81.2,0.0,False,SENAMHI_SIMULADO_LIMA,2026-05-31 02:43:34.222205,2026-05-31 02:43:34.222205,postgres
2024-06-11,2024,6,2,2,Tuesday,False,False,,False,False,Invierno,25.8,30.3,22.9,72.5,0.9,True,SENAMHI_SIMULADO_LIMA,2026-05-31 02:43:34.222205,2026-05-31 02:43:34.222205,postgres
2024-06-12,2024,6,2,3,Wednesday,False,False,,False,False,Invierno,26.6,29.8,24.4,74.5,0.0,True,SENAMHI_SIMULADO_LIMA,2026-05-31 02:43:34.222205,2026-05-31 02:43:34.222205,postgres
2024-06-13,2024,6,2,4,Thursday,False,False,,False,False,Invierno,24.9,27.8,22.3,74.8,2.8,False,SENAMHI_SIMULADO_LIMA,2026-05-31 02:43:34.222205,2026-05-31 02:43:34.222205,postgres
2024-06-14,2024,6,2,5,Friday,False,False,,False,False,Invierno,24.9,28.1,21.8,69.4,0.0,True,SENAMHI_SIMULADO_LIMA,2026-05-31 02:43:34.222205,2026-05-31 02:43:34.222205,postgres
2024-06-15,2024,6,2,6,Saturday,True,False,,True,False,Invierno,24.3,26.9,22.1,76.0,0.0,False,SENAMHI_SIMULADO_LIMA,2026-05-31 02:43:34.222205,2026-05-31 02:43:34.222205,postgres
2024-06-16,2024,6,2,7,Sunday,True,False,,False,False,Invierno,24.9,28.9,21.5,77.4,0.0,True,SENAMHI_SIMULADO_LIMA,2026-05-31 02:43:34.222205,2026-05-31 02:43:34.222205,postgres
2024-06-17,2024,6,2,1,Monday,False,False,,False,False,Invierno,24.5,27.9,21.4,77.0,0.0,False,SENAMHI_SIMULADO_LIMA,2026-05-31 02:43:34.222205,2026-05-31 02:43:34.222205,postgres
2024-06-18,2024,6,2,2,Tuesday,False,False,,False,False,Invierno,24.9,27.6,21.7,70.5,0.0,False,SENAMHI_SIMULADO_LIMA,2026-05-31 02:43:34.222205,2026-05-31 02:43:34.222205,postgres
2024-06-19,2024,6,2,3,Wednesday,False,False,,False,False,Invierno,23.2,26.6,19.8,71.7,0.0,False,SENAMHI_SIMULADO_LIMA,2026-05-31 02:43:34.222205,2026-05-31 02:43:34.222205,postgres
2024-06-20,2024,6,2,4,Thursday,False,False,,False,False,Invierno,23.6,27.8,19.8,85.1,0.0,False,SENAMHI_SIMULADO_LIMA,2026-05-31 02:43:34.222205,2026-05-31 02:43:34.222205,postgres
2024-06-21,2024,6,2,5,Friday,False,False,,False,False,Invierno,24.8,27.4,21.8,67.4,0.0,False,SENAMHI_SIMULADO_LIMA,2026-05-31 02:43:34.222205,2026-05-31 02:43:34.222205,postgres
2024-06-22,2024,6,2,6,Saturday,True,False,,False,False,Invierno,25.2,27.9,23.0,70.3,0.0,False,SENAMHI_SIMULADO_LIMA,2026-05-31 02:43:34.222205,2026-05-31 02:43:34.222205,postgres
2024-06-23,2024,6,2,7,Sunday,True,False,,False,False,Invierno,25.8,29.3,23.3,72.4,0.0,True,SENAMHI_SIMULADO_LIMA,2026-05-31 02:43:34.222205,2026-05-31 02:43:34.222205,postgres
2024-06-24,2024,6,2,1,Monday,False,False,,False,False,Invierno,24.6,27.8,21.4,77.5,0.0,False,SENAMHI_SIMULADO_LIMA,2026-05-31 02:43:34.222205,2026-05-31 02:43:34.222205,postgres
2024-06-25,2024,6,2,2,Tuesday,False,False,,False,False,Invierno,23.0,26.8,19.2,74.2,0.0,False,SENAMHI_SIMULADO_LIMA,2026-05-31 02:43:34.222205,2026-05-31 02:43:34.222205,postgres
2024-06-26,2024,6,2,3,Wednesday,False,False,,False,False,Invierno,24.4,28.6,20.7,78.2,0.0,True,SENAMHI_SIMULADO_LIMA,2026-05-31 02:43:34.222205,2026-05-31 02:43:34.222205,postgres
2024-06-27,2024,6,2,4,Thursday,False,False,,False,False,Invierno,22.7,27.6,18.8,75.2,2.1,False,SENAMHI_SIMULADO_LIMA,2026-05-31 02:43:34.222205,2026-05-31 02:43:34.222205,postgres
2024-06-28,2024,6,2,5,Friday,False,False,,False,False,Invierno,24.5,27.0,21.1,74.3,0.0,False,SENAMHI_SIMULADO_LIMA,2026-05-31 02:43:34.222205,2026-05-31 02:43:34.222205,postgres
2024-06-29,2024,6,2,6,Saturday,True,True,San Pedro y San Pablo,False,False,Invierno,23.7,28.4,20.0,77.2,0.0,True,SENAMHI_SIMULADO_LIMA,2026-05-31 02:43:34.222205,2026-05-31 02:43:34.222205,postgres
2024-06-30,2024,6,2,7,Sunday,True,False,,True,True,Invierno,22.5,25.3,20.4,77.5,0.0,False,SENAMHI_SIMULADO_LIMA,2026-05-31 02:43:34.222205,2026-05-31 02:43:34.222205,postgres
2024-07-01,2024,7,3,1,Monday,False,False,,False,False,Invierno,24.6,27.3,22.0,70.1,0.0,False,SENAMHI_SIMULADO_LIMA,2026-05-31 02:43:34.222205,2026-05-31 02:43:34.222205,postgres
2024-07-02,2024,7,3,2,Tuesday,False,False,,False,False,Invierno,23.0,27.1,19.2,79.3,0.0,False,SENAMHI_SIMULADO_LIMA,2026-05-31 02:43:34.222205,2026-05-31 02:43:34.222205,postgres
2024-07-03,2024,7,3,3,Wednesday,False,False,,False,False,Invierno,23.5,28.3,19.9,78.9,0.0,True,SENAMHI_SIMULADO_LIMA,2026-05-31 02:43:34.222205,2026-05-31 02:43:34.222205,postgres
2024-07-04,2024,7,3,4,Thursday,False,False,,False,False,Invierno,24.3,27.8,21.4,71.2,0.0,False,SENAMHI_SIMULADO_LIMA,2026-05-31 02:43:34.222205,2026-05-31 02:43:34.222205,postgres
2024-07-05,2024,7,3,5,Friday,False,False,,False,False,Invierno,22.9,26.5,19.4,81.0,0.0,False,SENAMHI_SIMULADO_LIMA,2026-05-31 02:43:34.222205,2026-05-31 02:43:34.222205,postgres
2024-07-06,2024,7,3,6,Saturday,True,False,,False,False,Invierno,23.0,26.2,20.4,71.9,0.0,False,SENAMHI_SIMULADO_LIMA,2026-05-31 02:43:34.222205,2026-05-31 02:43:34.222205,postgres
2024-07-07,2024,7,3,7,Sunday,True,False,,False,False,Invierno,23.1,26.6,19.7,76.0,0.0,False,SENAMHI_SIMULADO_LIMA,2026-05-31 02:43:34.222205,2026-05-31 02:43:34.222205,postgres
2024-07-08,2024,7,3,1,Monday,False,False,,False,False,Invierno,22.9,27.6,19.0,71.9,0.0,False,SENAMHI_SIMULADO_LIMA,2026-05-31 02:43:34.222205,2026-05-31 02:43:34.222205,postgres
2024-07-09,2024,7,3,2,Tuesday,False,False,,False,False,Invierno,22.1,27.0,19.6,77.5,0.0,False,SENAMHI_SIMULADO_LIMA,2026-05-31 02:43:34.222205,2026-05-31 02:43:34.222205,postgres
2024-07-10,2024,7,3,3,Wednesday,False,False,,False,False,Invierno,23.8,27.6,21.4,80.9,0.0,False,SENAMHI_SIMULADO_LIMA,2026-05-31 02:43:34.222205,2026-05-31 02:43:34.222205,postgres
2024-07-11,2024,7,3,4,Thursday,False,False,,False,False,Invierno,22.3,26.8,19.6,73.5,0.0,False,SENAMHI_SIMULADO_LIMA,2026-05-31 02:43:34.222205,2026-05-31 02:43:34.222205,postgres
2024-07-12,2024,7,3,5,Friday,False,False,,False,False,Invierno,22.4,26.8,19.0,70.9,0.0,False,SENAMHI_SIMULADO_LIMA,2026-05-31 02:43:34.222205,2026-05-31 02:43:34.222205,postgres
2024-07-13,2024,7,3,6,Saturday,True,False,,False,False,Invierno,22.2,25.3,19.1,78.4,0.0,False,SENAMHI_SIMULADO_LIMA,2026-05-31 02:43:34.222205,2026-05-31 02:43:34.222205,postgres
2024-07-14,2024,7,3,7,Sunday,True,False,,False,False,Invierno,21.9,26.6,19.4,76.8,0.0,False,SENAMHI_SIMULADO_LIMA,2026-05-31 02:43:34.222205,2026-05-31 02:43:34.222205,postgres
2024-07-15,2024,7,3,1,Monday,False,False,,True,False,Invierno,22.7,26.9,19.6,76.7,0.0,False,SENAMHI_SIMULADO_LIMA,2026-05-31 02:43:34.222205,2026-05-31 02:43:34.222205,postgres
2024-07-16,2024,7,3,2,Tuesday,False,False,,False,False,Invierno,21.0,24.2,17.6,71.9,0.0,False,SENAMHI_SIMULADO_LIMA,2026-05-31 02:43:34.222205,2026-05-31 02:43:34.222205,postgres
2024-07-17,2024,7,3,3,Wednesday,False,False,,False,False,Invierno,21.9,26.5,18.9,77.0,0.0,False,SENAMHI_SIMULADO_LIMA,2026-05-31 02:43:34.222205,2026-05-31 02:43:34.222205,postgres
2024-07-18,2024,7,3,4,Thursday,False,False,,False,False,Invierno,23.2,26.6,19.9,76.3,0.0,False,SENAMHI_SIMULADO_LIMA,2026-05-31 02:43:34.222205,2026-05-31 02:43:34.222205,postgres
2024-07-19,2024,7,3,5,Friday,False,False,,False,False,Invierno,22.6,27.1,19.3,74.0,0.0,False,SENAMHI_SIMULADO_LIMA,2026-05-31 02:43:34.222205,2026-05-31 02:43:34.222205,postgres
2024-07-20,2024,7,3,6,Saturday,True,False,,False,False,Invierno,22.4,27.0,19.0,78.5,0.0,False,SENAMHI_SIMULADO_LIMA,2026-05-31 02:43:34.222205,2026-05-31 02:43:34.222205,postgres
2024-07-21,2024,7,3,7,Sunday,True,False,,False,False,Invierno,23.1,26.0,19.3,77.6,0.0,False,SENAMHI_SIMULADO_LIMA,2026-05-31 02:43:34.222205,2026-05-31 02:43:34.222205,postgres
2024-07-22,2024,7,3,1,Monday,False,False,,False,False,Invierno,21.6,26.0,19.3,73.0,0.0,False,SENAMHI_SIMULADO_LIMA,2026-05-31 02:43:34.222205,2026-05-31 02:43:34.222205,postgres
2024-07-23,2024,7,3,2,Tuesday,False,False,,False,False,Invierno,21.9,24.4,19.3,81.2,0.0,False,SENAMHI_SIMULADO_LIMA,2026-05-31 02:43:34.222205,2026-05-31 02:43:34.222205,postgres
2024-07-24,2024,7,3,3,Wednesday,False,False,,False,False,Invierno,21.8,24.9,18.5,76.6,0.0,False,SENAMHI_SIMULADO_LIMA,2026-05-31 02:43:34.222205,2026-05-31 02:43:34.222205,postgres
2024-07-25,2024,7,3,4,Thursday,False,False,,False,False,Invierno,21.4,25.8,18.3,77.4,0.0,False,SENAMHI_SIMULADO_LIMA,2026-05-31 02:43:34.222205,2026-05-31 02:43:34.222205,postgres
2024-07-26,2024,7,3,5,Friday,False,False,,False,False,Invierno,22.6,27.4,20.4,69.7,0.0,False,SENAMHI_SIMULADO_LIMA,2026-05-31 02:43:34.222205,2026-05-31 02:43:34.222205,postgres
2024-07-27,2024,7,3,6,Saturday,True,False,,False,False,Invierno,21.2,24.4,17.7,77.5,0.0,False,SENAMHI_SIMULADO_LIMA,2026-05-31 02:43:34.222205,2026-05-31 02:43:34.222205,postgres
2024-07-28,2024,7,3,7,Sunday,True,True,Fiestas Patrias,False,False,Invierno,20.0,24.0,17.9,81.7,0.0,False,SENAMHI_SIMULADO_LIMA,2026-05-31 02:43:34.222205,2026-05-31 02:43:34.222205,postgres
2024-07-29,2024,7,3,1,Monday,False,True,Fiestas Patrias,False,False,Invierno,20.9,25.3,18.9,78.5,1.0,False,SENAMHI_SIMULADO_LIMA,2026-05-31 02:43:34.222205,2026-05-31 02:43:34.222205,postgres
2024-07-30,2024,7,3,2,Tuesday,False,False,,True,False,Invierno,22.5,26.7,19.6,75.3,0.0,False,SENAMHI_SIMULADO_LIMA,2026-05-31 02:43:34.222205,2026-05-31 02:43:34.222205,postgres
2024-07-31,2024,7,3,3,Wednesday,False,False,,True,True,Invierno,20.2,24.7,16.8,76.9,0.0,False,SENAMHI_SIMULADO_LIMA,2026-05-31 02:43:34.222205,2026-05-31 02:43:34.222205,postgres
2024-08-01,2024,8,3,4,Thursday,False,False,,False,False,Invierno,21.3,25.4,18.8,74.4,0.0,False,SENAMHI_SIMULADO_LIMA,2026-05-31 02:43:34.222205,2026-05-31 02:43:34.222205,postgres
2024-08-02,2024,8,3,5,Friday,False,False,,False,False,Invierno,20.9,25.7,18.0,72.4,0.0,False,SENAMHI_SIMULADO_LIMA,2026-05-31 02:43:34.222205,2026-05-31 02:43:34.222205,postgres
2024-08-03,2024,8,3,6,Saturday,True,False,,False,False,Invierno,19.7,24.7,16.9,75.3,0.0,False,SENAMHI_SIMULADO_LIMA,2026-05-31 02:43:34.222205,2026-05-31 02:43:34.222205,postgres
2024-08-04,2024,8,3,7,Sunday,True,False,,False,False,Invierno,20.3,22.9,17.0,74.8,0.0,False,SENAMHI_SIMULADO_LIMA,2026-05-31 02:43:34.222205,2026-05-31 02:43:34.222205,postgres
2024-08-05,2024,8,3,1,Monday,False,False,,False,False,Invierno,20.7,25.7,18.4,81.6,0.0,False,SENAMHI_SIMULADO_LIMA,2026-05-31 02:43:34.222205,2026-05-31 02:43:34.222205,postgres
2024-08-06,2024,8,3,2,Tuesday,False,False,,False,False,Invierno,21.3,25.9,17.8,79.5,0.0,False,SENAMHI_SIMULADO_LIMA,2026-05-31 02:43:34.222205,2026-05-31 02:43:34.222205,postgres
2024-08-07,2024,8,3,3,Wednesday,False,False,,False,False,Invierno,20.8,25.3,17.8,79.9,0.0,False,SENAMHI_SIMULADO_LIMA,2026-05-31 02:43:34.222205,2026-05-31 02:43:34.222205,postgres
2024-08-08,2024,8,3,4,Thursday,False,False,,False,False,Invierno,20.9,24.4,18.5,74.0,0.0,False,SENAMHI_SIMULADO_LIMA,2026-05-31 02:43:34.222205,2026-05-31 02:43:34.222205,postgres
2024-08-09,2024,8,3,5,Friday,False,False,,False,False,Invierno,20.6,23.8,17.0,74.5,0.0,False,SENAMHI_SIMULADO_LIMA,2026-05-31 02:43:34.222205,2026-05-31 02:43:34.222205,postgres
2024-08-10,2024,8,3,6,Saturday,True,False,,False,False,Invierno,20.2,22.9,17.4,77.5,0.0,False,SENAMHI_SIMULADO_LIMA,2026-05-31 02:43:34.222205,2026-05-31 02:43:34.222205,postgres
2024-08-11,2024,8,3,7,Sunday,True,False,,False,False,Invierno,19.1,23.3,15.4,81.7,0.0,False,SENAMHI_SIMULADO_LIMA,2026-05-31 02:43:34.222205,2026-05-31 02:43:34.222205,postgres
2024-08-12,2024,8,3,1,Monday,False,False,,False,False,Invierno,20.2,23.0,17.8,75.3,0.0,False,SENAMHI_SIMULADO_LIMA,2026-05-31 02:43:34.222205,2026-05-31 02:43:34.222205,postgres
2024-08-13,2024,8,3,2,Tuesday,False,False,,False,False,Invierno,20.2,24.2,16.8,73.0,0.0,False,SENAMHI_SIMULADO_LIMA,2026-05-31 02:43:34.222205,2026-05-31 02:43:34.222205,postgres
2024-08-14,2024,8,3,3,Wednesday,False,False,,False,False,Invierno,19.4,22.8,17.4,78.5,0.0,False,SENAMHI_SIMULADO_LIMA,2026-05-31 02:43:34.222205,2026-05-31 02:43:34.222205,postgres
2024-08-15,2024,8,3,4,Thursday,False,False,,True,False,Invierno,19.2,23.2,15.9,77.4,0.0,False,SENAMHI_SIMULADO_LIMA,2026-05-31 02:43:34.222205,2026-05-31 02:43:34.222205,postgres
2024-08-16,2024,8,3,5,Friday,False,False,,False,False,Invierno,19.6,22.3,16.3,76.4,0.0,False,SENAMHI_SIMULADO_LIMA,2026-05-31 02:43:34.222205,2026-05-31 02:43:34.222205,postgres
2024-08-17,2024,8,3,6,Saturday,True,False,,False,False,Invierno,19.9,24.2,16.2,75.3,0.0,False,SENAMHI_SIMULADO_LIMA,2026-05-31 02:43:34.222205,2026-05-31 02:43:34.222205,postgres
2024-08-18,2024,8,3,7,Sunday,True,False,,False,False,Invierno,19.4,23.9,17.2,82.7,0.0,False,SENAMHI_SIMULADO_LIMA,2026-05-31 02:43:34.222205,2026-05-31 02:43:34.222205,postgres
2024-08-19,2024,8,3,1,Monday,False,False,,False,False,Invierno,20.8,24.4,17.5,77.9,0.0,False,SENAMHI_SIMULADO_LIMA,2026-05-31 02:43:34.222205,2026-05-31 02:43:34.222205,postgres
2024-08-20,2024,8,3,2,Tuesday,False,False,,False,False,Invierno,19.4,22.0,16.9,79.2,0.0,False,SENAMHI_SIMULADO_LIMA,2026-05-31 02:43:34.222205,2026-05-31 02:43:34.222205,postgres
2024-08-21,2024,8,3,3,Wednesday,False,False,,False,False,Invierno,19.4,24.3,16.7,80.1,0.0,False,SENAMHI_SIMULADO_LIMA,2026-05-31 02:43:34.222205,2026-05-31 02:43:34.222205,postgres
2024-08-22,2024,8,3,4,Thursday,False,False,,False,False,Invierno,20.0,23.8,16.9,82.3,0.0,False,SENAMHI_SIMULADO_LIMA,2026-05-31 02:43:34.222205,2026-05-31 02:43:34.222205,postgres
2024-08-23,2024,8,3,5,Friday,False,False,,False,False,Invierno,19.5,22.5,16.1,78.7,0.0,False,SENAMHI_SIMULADO_LIMA,2026-05-31 02:43:34.222205,2026-05-31 02:43:34.222205,postgres
2024-08-24,2024,8,3,6,Saturday,True,False,,False,False,Invierno,20.3,24.6,16.8,77.1,0.0,False,SENAMHI_SIMULADO_LIMA,2026-05-31 02:43:34.222205,2026-05-31 02:43:34.222205,postgres
2024-08-25,2024,8,3,7,Sunday,True,False,,False,False,Invierno,18.4,23.3,16.3,73.4,0.0,False,SENAMHI_SIMULADO_LIMA,2026-05-31 02:43:34.222205,2026-05-31 02:43:34.222205,postgres
2024-08-26,2024,8,3,1,Monday,False,False,,False,False,Invierno,18.0,22.3,15.1,87.6,0.0,False,SENAMHI_SIMULADO_LIMA,2026-05-31 02:43:34.222205,2026-05-31 02:43:34.222205,postgres
2024-08-27,2024,8,3,2,Tuesday,False,False,,False,False,Invierno,19.1,22.3,15.9,82.2,0.0,False,SENAMHI_SIMULADO_LIMA,2026-05-31 02:43:34.222205,2026-05-31 02:43:34.222205,postgres
2024-08-28,2024,8,3,3,Wednesday,False,False,,False,False,Invierno,19.6,23.7,16.1,73.2,0.0,False,SENAMHI_SIMULADO_LIMA,2026-05-31 02:43:34.222205,2026-05-31 02:43:34.222205,postgres
2024-08-29,2024,8,3,4,Thursday,False,False,,False,False,Invierno,19.5,22.4,17.0,79.3,0.0,False,SENAMHI_SIMULADO_LIMA,2026-05-31 02:43:34.222205,2026-05-31 02:43:34.222205,postgres
2024-08-30,2024,8,3,5,Friday,False,True,Santa Rosa de Lima,True,False,Invierno,19.3,23.0,16.8,77.3,0.0,False,SENAMHI_SIMULADO_LIMA,2026-05-31 02:43:34.222205,2026-05-31 02:43:34.222205,postgres
2024-08-31,2024,8,3,6,Saturday,True,False,,True,True,Invierno,19.6,23.0,16.4,66.8,0.0,False,SENAMHI_SIMULADO_LIMA,2026-05-31 02:43:34.222205,2026-05-31 02:43:34.222205,postgres
2024-09-01,2024,9,3,7,Sunday,True,False,,False,False,Invierno,19.2,22.3,15.9,78.2,0.0,False,SENAMHI_SIMULADO_LIMA,2026-05-31 02:43:34.222205,2026-05-31 02:43:34.222205,postgres
2024-09-02,2024,9,3,1,Monday,False,False,,False,False,Invierno,18.5,23.4,15.6,80.6,0.0,False,SENAMHI_SIMULADO_LIMA,2026-05-31 02:43:34.222205,2026-05-31 02:43:34.222205,postgres
2024-09-03,2024,9,3,2,Tuesday,False,False,,False,False,Invierno,17.1,21.7,14.2,81.4,0.0,False,SENAMHI_SIMULADO_LIMA,2026-05-31 02:43:34.222205,2026-05-31 02:43:34.222205,postgres
2024-09-04,2024,9,3,3,Wednesday,False,False,,False,False,Invierno,19.9,22.8,17.6,81.3,2.2,False,SENAMHI_SIMULADO_LIMA,2026-05-31 02:43:34.222205,2026-05-31 02:43:34.222205,postgres
2024-09-05,2024,9,3,4,Thursday,False,False,,False,False,Invierno,18.4,23.0,14.8,87.5,0.0,False,SENAMHI_SIMULADO_LIMA,2026-05-31 02:43:34.222205,2026-05-31 02:43:34.222205,postgres
2024-09-06,2024,9,3,5,Friday,False,False,,False,False,Invierno,18.4,21.1,15.8,80.8,0.0,False,SENAMHI_SIMULADO_LIMA,2026-05-31 02:43:34.222205,2026-05-31 02:43:34.222205,postgres
2024-09-07,2024,9,3,6,Saturday,True,False,,False,False,Invierno,19.1,21.7,16.9,78.8,0.0,False,SENAMHI_SIMULADO_LIMA,2026-05-31 02:43:34.222205,2026-05-31 02:43:34.222205,postgres
2024-09-08,2024,9,3,7,Sunday,True,False,,False,False,Invierno,18.3,22.1,16.3,81.1,0.0,False,SENAMHI_SIMULADO_LIMA,2026-05-31 02:43:34.222205,2026-05-31 02:43:34.222205,postgres
2024-09-09,2024,9,3,1,Monday,False,False,,False,False,Invierno,19.2,22.8,16.1,79.9,0.0,False,SENAMHI_SIMULADO_LIMA,2026-05-31 02:43:34.222205,2026-05-31 02:43:34.222205,postgres
2024-09-10,2024,9,3,2,Tuesday,False,False,,False,False,Invierno,17.7,20.3,15.1,81.5,0.0,False,SENAMHI_SIMULADO_LIMA,2026-05-31 02:43:34.222205,2026-05-31 02:43:34.222205,postgres
2024-09-11,2024,9,3,3,Wednesday,False,False,,False,False,Invierno,18.8,23.8,16.6,74.6,0.0,False,SENAMHI_SIMULADO_LIMA,2026-05-31 02:43:34.222205,2026-05-31 02:43:34.222205,postgres
2024-09-12,2024,9,3,4,Thursday,False,False,,False,False,Invierno,19.1,22.1,15.8,77.9,0.0,False,SENAMHI_SIMULADO_LIMA,2026-05-31 02:43:34.222205,2026-05-31 02:43:34.222205,postgres
2024-09-13,2024,9,3,5,Friday,False,False,,False,False,Invierno,18.4,22.1,15.1,80.7,0.0,False,SENAMHI_SIMULADO_LIMA,2026-05-31 02:43:34.222205,2026-05-31 02:43:34.222205,postgres
2024-09-14,2024,9,3,6,Saturday,True,False,,False,False,Invierno,17.8,22.7,14.5,80.0,0.0,False,SENAMHI_SIMULADO_LIMA,2026-05-31 02:43:34.222205,2026-05-31 02:43:34.222205,postgres
2024-09-15,2024,9,3,7,Sunday,True,False,,True,False,Invierno,18.7,22.1,15.4,74.4,0.0,False,SENAMHI_SIMULADO_LIMA,2026-05-31 02:43:34.222205,2026-05-31 02:43:34.222205,postgres
2024-09-16,2024,9,3,1,Monday,False,False,,False,False,Invierno,18.9,23.4,15.8,77.8,0.0,False,SENAMHI_SIMULADO_LIMA,2026-05-31 02:43:34.222205,2026-05-31 02:43:34.222205,postgres
2024-09-17,2024,9,3,2,Tuesday,False,False,,False,False,Invierno,17.9,21.2,14.5,83.6,0.0,False,SENAMHI_SIMULADO_LIMA,2026-05-31 02:43:34.222205,2026-05-31 02:43:34.222205,postgres
2024-09-18,2024,9,3,3,Wednesday,False,False,,False,False,Invierno,18.6,22.2,15.0,81.6,0.0,False,SENAMHI_SIMULADO_LIMA,2026-05-31 02:43:34.222205,2026-05-31 02:43:34.222205,postgres
2024-09-19,2024,9,3,4,Thursday,False,False,,False,False,Invierno,17.8,21.1,15.1,79.8,0.0,False,SENAMHI_SIMULADO_LIMA,2026-05-31 02:43:34.222205,2026-05-31 02:43:34.222205,postgres
2024-09-20,2024,9,3,5,Friday,False,False,,False,False,Invierno,17.2,20.8,14.7,86.5,0.0,False,SENAMHI_SIMULADO_LIMA,2026-05-31 02:43:34.222205,2026-05-31 02:43:34.222205,postgres
2024-09-21,2024,9,3,6,Saturday,True,False,,False,False,Invierno,19.2,23.3,16.3,82.6,0.0,False,SENAMHI_SIMULADO_LIMA,2026-05-31 02:43:34.222205,2026-05-31 02:43:34.222205,postgres
2024-09-22,2024,9,3,7,Sunday,True,False,,False,False,Invierno,17.9,21.6,15.8,84.2,0.0,False,SENAMHI_SIMULADO_LIMA,2026-05-31 02:43:34.222205,2026-05-31 02:43:34.222205,postgres
2024-09-23,2024,9,3,1,Monday,False,False,,False,False,Invierno,16.7,20.7,13.6,74.2,0.0,False,SENAMHI_SIMULADO_LIMA,2026-05-31 02:43:34.222205,2026-05-31 02:43:34.222205,postgres
2024-09-24,2024,9,3,2,Tuesday,False,False,,False,False,Invierno,18.3,22.6,14.4,81.6,0.7,False,SENAMHI_SIMULADO_LIMA,2026-05-31 02:43:34.222205,2026-05-31 02:43:34.222205,postgres
2024-09-25,2024,9,3,3,Wednesday,False,False,,False,False,Invierno,17.5,22.4,15.4,81.6,0.0,False,SENAMHI_SIMULADO_LIMA,2026-05-31 02:43:34.222205,2026-05-31 02:43:34.222205,postgres
2024-09-26,2024,9,3,4,Thursday,False,False,,False,False,Invierno,17.1,20.8,14.6,79.3,0.0,False,SENAMHI_SIMULADO_LIMA,2026-05-31 02:43:34.222205,2026-05-31 02:43:34.222205,postgres
2024-09-27,2024,9,3,5,Friday,False,False,,False,False,Invierno,18.5,22.3,15.8,76.7,0.0,False,SENAMHI_SIMULADO_LIMA,2026-05-31 02:43:34.222205,2026-05-31 02:43:34.222205,postgres
2024-09-28,2024,9,3,6,Saturday,True,False,,False,False,Invierno,16.9,20.4,14.6,84.4,0.0,False,SENAMHI_SIMULADO_LIMA,2026-05-31 02:43:34.222205,2026-05-31 02:43:34.222205,postgres
2024-09-29,2024,9,3,7,Sunday,True,False,,False,False,Invierno,16.8,20.7,13.4,82.8,0.0,False,SENAMHI_SIMULADO_LIMA,2026-05-31 02:43:34.222205,2026-05-31 02:43:34.222205,postgres
2024-09-30,2024,9,3,1,Monday,False,False,,True,True,Invierno,16.3,21.2,13.3,82.9,0.0,False,SENAMHI_SIMULADO_LIMA,2026-05-31 02:43:34.222205,2026-05-31 02:43:34.222205,postgres
2024-10-01,2024,10,4,2,Tuesday,False,False,,False,False,Intermedia,17.1,21.2,13.2,80.7,0.0,False,SENAMHI_SIMULADO_LIMA,2026-05-31 02:43:34.222205,2026-05-31 02:43:34.222205,postgres
2024-10-02,2024,10,4,3,Wednesday,False,False,,False,False,Intermedia,17.6,20.6,15.2,80.1,0.0,False,SENAMHI_SIMULADO_LIMA,2026-05-31 02:43:34.222205,2026-05-31 02:43:34.222205,postgres
2024-10-03,2024,10,4,4,Thursday,False,False,,False,False,Intermedia,18.4,23.2,15.7,78.0,0.0,False,SENAMHI_SIMULADO_LIMA,2026-05-31 02:43:34.222205,2026-05-31 02:43:34.222205,postgres
2024-10-04,2024,10,4,5,Friday,False,False,,False,False,Intermedia,16.9,21.5,14.1,84.2,0.0,False,SENAMHI_SIMULADO_LIMA,2026-05-31 02:43:34.222205,2026-05-31 02:43:34.222205,postgres
2024-10-05,2024,10,4,6,Saturday,True,False,,False,False,Intermedia,17.7,21.3,14.5,76.8,0.0,False,SENAMHI_SIMULADO_LIMA,2026-05-31 02:43:34.222205,2026-05-31 02:43:34.222205,postgres
2024-10-06,2024,10,4,7,Sunday,True,False,,False,False,Intermedia,18.0,21.0,15.8,81.3,2.0,False,SENAMHI_SIMULADO_LIMA,2026-05-31 02:43:34.222205,2026-05-31 02:43:34.222205,postgres
2024-10-07,2024,10,4,1,Monday,False,False,,False,False,Intermedia,18.2,21.3,15.4,88.3,0.0,False,SENAMHI_SIMULADO_LIMA,2026-05-31 02:43:34.222205,2026-05-31 02:43:34.222205,postgres
2024-10-08,2024,10,4,2,Tuesday,False,True,Combate de Angamos,False,False,Intermedia,17.7,20.5,14.3,79.9,0.0,False,SENAMHI_SIMULADO_LIMA,2026-05-31 02:43:34.222205,2026-05-31 02:43:34.222205,postgres
2024-10-09,2024,10,4,3,Wednesday,False,False,,False,False,Intermedia,18.7,23.0,14.8,76.7,0.0,False,SENAMHI_SIMULADO_LIMA,2026-05-31 02:43:34.222205,2026-05-31 02:43:34.222205,postgres
2024-10-10,2024,10,4,4,Thursday,False,False,,False,False,Intermedia,17.6,21.6,15.1,77.8,0.0,False,SENAMHI_SIMULADO_LIMA,2026-05-31 02:43:34.222205,2026-05-31 02:43:34.222205,postgres
2024-10-11,2024,10,4,5,Friday,False,False,,False,False,Intermedia,16.9,20.0,14.2,76.5,0.0,False,SENAMHI_SIMULADO_LIMA,2026-05-31 02:43:34.222205,2026-05-31 02:43:34.222205,postgres
2024-10-12,2024,10,4,6,Saturday,True,False,,False,False,Intermedia,16.7,21.2,14.3,80.9,0.0,False,SENAMHI_SIMULADO_LIMA,2026-05-31 02:43:34.222205,2026-05-31 02:43:34.222205,postgres
2024-10-13,2024,10,4,7,Sunday,True,False,,False,False,Intermedia,17.6,21.4,15.0,83.3,0.0,False,SENAMHI_SIMULADO_LIMA,2026-05-31 02:43:34.222205,2026-05-31 02:43:34.222205,postgres
2024-10-14,2024,10,4,1,Monday,False,False,,False,False,Intermedia,17.9,22.2,15.0,87.5,0.0,False,SENAMHI_SIMULADO_LIMA,2026-05-31 02:43:34.222205,2026-05-31 02:43:34.222205,postgres
2024-10-15,2024,10,4,2,Tuesday,False,False,,True,False,Intermedia,17.8,20.7,14.4,80.1,0.0,False,SENAMHI_SIMULADO_LIMA,2026-05-31 02:43:34.222205,2026-05-31 02:43:34.222205,postgres
2024-10-16,2024,10,4,3,Wednesday,False,False,,False,False,Intermedia,16.6,20.2,13.1,81.2,0.0,False,SENAMHI_SIMULADO_LIMA,2026-05-31 02:43:34.222205,2026-05-31 02:43:34.222205,postgres
2024-10-17,2024,10,4,4,Thursday,False,False,,False,False,Intermedia,18.2,23.0,15.7,81.9,0.0,False,SENAMHI_SIMULADO_LIMA,2026-05-31 02:43:34.222205,2026-05-31 02:43:34.222205,postgres
2024-10-18,2024,10,4,5,Friday,False,False,,False,False,Intermedia,17.4,22.0,14.3,83.3,0.0,False,SENAMHI_SIMULADO_LIMA,2026-05-31 02:43:34.222205,2026-05-31 02:43:34.222205,postgres
2024-10-19,2024,10,4,6,Saturday,True,False,,False,False,Intermedia,17.5,20.3,13.8,78.9,0.0,False,SENAMHI_SIMULADO_LIMA,2026-05-31 02:43:34.222205,2026-05-31 02:43:34.222205,postgres
2024-10-20,2024,10,4,7,Sunday,True,False,,False,False,Intermedia,16.4,19.8,14.3,77.4,0.0,False,SENAMHI_SIMULADO_LIMA,2026-05-31 02:43:34.222205,2026-05-31 02:43:34.222205,postgres
2024-10-21,2024,10,4,1,Monday,False,False,,False,False,Intermedia,15.8,19.3,12.9,83.6,0.0,False,SENAMHI_SIMULADO_LIMA,2026-05-31 02:43:34.222205,2026-05-31 02:43:34.222205,postgres
2024-10-22,2024,10,4,2,Tuesday,False,False,,False,False,Intermedia,18.0,21.7,14.0,79.8,0.0,False,SENAMHI_SIMULADO_LIMA,2026-05-31 02:43:34.222205,2026-05-31 02:43:34.222205,postgres
2024-10-23,2024,10,4,3,Wednesday,False,False,,False,False,Intermedia,17.4,20.8,13.6,79.8,0.0,False,SENAMHI_SIMULADO_LIMA,2026-05-31 02:43:34.222205,2026-05-31 02:43:34.222205,postgres
2024-10-24,2024,10,4,4,Thursday,False,False,,False,False,Intermedia,17.8,21.0,15.6,82.2,0.0,False,SENAMHI_SIMULADO_LIMA,2026-05-31 02:43:34.222205,2026-05-31 02:43:34.222205,postgres
2024-10-25,2024,10,4,5,Friday,False,False,,False,False,Intermedia,17.7,21.1,13.8,76.2,0.0,False,SENAMHI_SIMULADO_LIMA,2026-05-31 02:43:34.222205,2026-05-31 02:43:34.222205,postgres
2024-10-26,2024,10,4,6,Saturday,True,False,,False,False,Intermedia,17.1,21.8,13.3,81.2,0.0,False,SENAMHI_SIMULADO_LIMA,2026-05-31 02:43:34.222205,2026-05-31 02:43:34.222205,postgres
2024-10-27,2024,10,4,7,Sunday,True,False,,False,False,Intermedia,18.4,21.4,15.4,81.4,0.0,False,SENAMHI_SIMULADO_LIMA,2026-05-31 02:43:34.222205,2026-05-31 02:43:34.222205,postgres
2024-10-28,2024,10,4,1,Monday,False,False,,False,False,Intermedia,17.0,19.7,15.0,76.5,0.0,False,SENAMHI_SIMULADO_LIMA,2026-05-31 02:43:34.222205,2026-05-31 02:43:34.222205,postgres
2024-10-29,2024,10,4,2,Tuesday,False,False,,False,False,Intermedia,17.4,22.3,14.5,82.3,0.0,False,SENAMHI_SIMULADO_LIMA,2026-05-31 02:43:34.222205,2026-05-31 02:43:34.222205,postgres
2024-10-30,2024,10,4,3,Wednesday,False,False,,True,False,Intermedia,15.1,17.8,11.8,83.4,0.0,False,SENAMHI_SIMULADO_LIMA,2026-05-31 02:43:34.222205,2026-05-31 02:43:34.222205,postgres
2024-10-31,2024,10,4,4,Thursday,False,False,,True,True,Intermedia,18.6,21.5,16.5,83.9,0.0,False,SENAMHI_SIMULADO_LIMA,2026-05-31 02:43:34.222205,2026-05-31 02:43:34.222205,postgres
2024-11-01,2024,11,4,5,Friday,False,True,Todos los Santos,False,False,Intermedia,16.8,21.8,14.7,80.4,0.0,False,SENAMHI_SIMULADO_LIMA,2026-05-31 02:43:34.222205,2026-05-31 02:43:34.222205,postgres
2024-11-02,2024,11,4,6,Saturday,True,False,,False,False,Intermedia,16.9,21.1,14.8,79.4,0.0,False,SENAMHI_SIMULADO_LIMA,2026-05-31 02:43:34.222205,2026-05-31 02:43:34.222205,postgres
2024-11-03,2024,11,4,7,Sunday,True,False,,False,False,Intermedia,16.2,20.3,13.1,84.9,0.0,False,SENAMHI_SIMULADO_LIMA,2026-05-31 02:43:34.222205,2026-05-31 02:43:34.222205,postgres
2024-11-04,2024,11,4,1,Monday,False,False,,False,False,Intermedia,16.4,19.8,13.5,80.2,0.0,False,SENAMHI_SIMULADO_LIMA,2026-05-31 02:43:34.222205,2026-05-31 02:43:34.222205,postgres
2024-11-05,2024,11,4,2,Tuesday,False,False,,False,False,Intermedia,18.2,20.7,15.3,82.5,0.0,False,SENAMHI_SIMULADO_LIMA,2026-05-31 02:43:34.222205,2026-05-31 02:43:34.222205,postgres
2024-11-06,2024,11,4,3,Wednesday,False,False,,False,False,Intermedia,17.1,20.9,14.6,82.0,0.8,False,SENAMHI_SIMULADO_LIMA,2026-05-31 02:43:34.222205,2026-05-31 02:43:34.222205,postgres
2024-11-07,2024,11,4,4,Thursday,False,False,,False,False,Intermedia,17.5,20.3,14.4,82.4,0.0,False,SENAMHI_SIMULADO_LIMA,2026-05-31 02:43:34.222205,2026-05-31 02:43:34.222205,postgres
2024-11-08,2024,11,4,5,Friday,False,False,,False,False,Intermedia,16.6,19.9,13.1,80.7,0.0,False,SENAMHI_SIMULADO_LIMA,2026-05-31 02:43:34.222205,2026-05-31 02:43:34.222205,postgres
2024-11-09,2024,11,4,6,Saturday,True,False,,False,False,Intermedia,16.5,20.1,12.9,74.5,0.0,False,SENAMHI_SIMULADO_LIMA,2026-05-31 02:43:34.222205,2026-05-31 02:43:34.222205,postgres
2024-11-10,2024,11,4,7,Sunday,True,False,,False,False,Intermedia,18.5,22.1,16.0,74.7,0.0,False,SENAMHI_SIMULADO_LIMA,2026-05-31 02:43:34.222205,2026-05-31 02:43:34.222205,postgres
2024-11-11,2024,11,4,1,Monday,False,False,,False,False,Intermedia,19.3,23.5,15.6,76.0,0.0,False,SENAMHI_SIMULADO_LIMA,2026-05-31 02:43:34.222205,2026-05-31 02:43:34.222205,postgres
2024-11-12,2024,11,4,2,Tuesday,False,False,,False,False,Intermedia,17.1,20.9,14.8,81.1,0.0,False,SENAMHI_SIMULADO_LIMA,2026-05-31 02:43:34.222205,2026-05-31 02:43:34.222205,postgres
2024-11-13,2024,11,4,3,Wednesday,False,False,,False,False,Intermedia,19.3,21.9,17.1,79.0,0.0,False,SENAMHI_SIMULADO_LIMA,2026-05-31 02:43:34.222205,2026-05-31 02:43:34.222205,postgres
2024-11-14,2024,11,4,4,Thursday,False,False,,False,False,Intermedia,17.1,20.3,14.4,85.6,0.0,False,SENAMHI_SIMULADO_LIMA,2026-05-31 02:43:34.222205,2026-05-31 02:43:34.222205,postgres
2024-11-15,2024,11,4,5,Friday,False,False,,True,False,Intermedia,16.9,19.8,14.7,82.7,0.0,False,SENAMHI_SIMULADO_LIMA,2026-05-31 02:43:34.222205,2026-05-31 02:43:34.222205,postgres
2024-11-16,2024,11,4,6,Saturday,True,False,,False,False,Intermedia,17.2,19.7,15.0,83.9,0.0,False,SENAMHI_SIMULADO_LIMA,2026-05-31 02:43:34.222205,2026-05-31 02:43:34.222205,postgres
2024-11-17,2024,11,4,7,Sunday,True,False,,False,False,Intermedia,18.6,22.7,15.8,76.0,0.0,False,SENAMHI_SIMULADO_LIMA,2026-05-31 02:43:34.222205,2026-05-31 02:43:34.222205,postgres
2024-11-18,2024,11,4,1,Monday,False,False,,False,False,Intermedia,18.1,22.5,14.8,75.8,0.0,False,SENAMHI_SIMULADO_LIMA,2026-05-31 02:43:34.222205,2026-05-31 02:43:34.222205,postgres
2024-11-19,2024,11,4,2,Tuesday,False,False,,False,False,Intermedia,17.4,22.3,14.2,83.9,0.0,False,SENAMHI_SIMULADO_LIMA,2026-05-31 02:43:34.222205,2026-05-31 02:43:34.222205,postgres
2024-11-20,2024,11,4,3,Wednesday,False,False,,False,False,Intermedia,18.5,22.7,16.3,81.5,0.0,False,SENAMHI_SIMULADO_LIMA,2026-05-31 02:43:34.222205,2026-05-31 02:43:34.222205,postgres
2024-11-21,2024,11,4,4,Thursday,False,False,,False,False,Intermedia,17.1,20.7,13.9,72.5,0.0,False,SENAMHI_SIMULADO_LIMA,2026-05-31 02:43:34.222205,2026-05-31 02:43:34.222205,postgres
2024-11-22,2024,11,4,5,Friday,False,False,,False,False,Intermedia,17.6,20.6,13.9,78.6,0.0,False,SENAMHI_SIMULADO_LIMA,2026-05-31 02:43:34.222205,2026-05-31 02:43:34.222205,postgres
2024-11-23,2024,11,4,6,Saturday,True,False,,False,False,Intermedia,18.7,23.4,15.1,76.6,0.0,False,SENAMHI_SIMULADO_LIMA,2026-05-31 02:43:34.222205,2026-05-31 02:43:34.222205,postgres
2024-11-24,2024,11,4,7,Sunday,True,False,,False,False,Intermedia,18.8,22.4,15.1,75.7,0.0,False,SENAMHI_SIMULADO_LIMA,2026-05-31 02:43:34.222205,2026-05-31 02:43:34.222205,postgres
2024-11-25,2024,11,4,1,Monday,False,False,,False,False,Intermedia,18.7,21.6,15.6,83.7,0.0,False,SENAMHI_SIMULADO_LIMA,2026-05-31 02:43:34.222205,2026-05-31 02:43:34.222205,postgres
2024-11-26,2024,11,4,2,Tuesday,False,False,,False,False,Intermedia,18.1,22.4,14.5,79.2,0.0,False,SENAMHI_SIMULADO_LIMA,2026-05-31 02:43:34.222205,2026-05-31 02:43:34.222205,postgres
2024-11-27,2024,11,4,3,Wednesday,False,False,,False,False,Intermedia,19.2,23.6,16.1,78.6,0.0,False,SENAMHI_SIMULADO_LIMA,2026-05-31 02:43:34.222205,2026-05-31 02:43:34.222205,postgres
2024-11-28,2024,11,4,4,Thursday,False,False,,False,False,Intermedia,16.8,20.7,13.4,81.0,0.0,False,SENAMHI_SIMULADO_LIMA,2026-05-31 02:43:34.222205,2026-05-31 02:43:34.222205,postgres
2024-11-29,2024,11,4,5,Friday,False,False,,False,False,Intermedia,19.4,22.3,16.4,81.1,0.8,False,SENAMHI_SIMULADO_LIMA,2026-05-31 02:43:34.222205,2026-05-31 02:43:34.222205,postgres
2024-11-30,2024,11,4,6,Saturday,True,False,,True,True,Intermedia,18.2,22.7,15.8,76.0,0.0,False,SENAMHI_SIMULADO_LIMA,2026-05-31 02:43:34.222205,2026-05-31 02:43:34.222205,postgres
2024-12-01,2024,12,4,7,Sunday,True,False,,False,False,Verano,19.0,22.0,16.3,84.5,0.0,False,SENAMHI_SIMULADO_LIMA,2026-05-31 02:43:34.222205,2026-05-31 02:43:34.222205,postgres
2024-12-02,2024,12,4,1,Monday,False,False,,False,False,Verano,18.4,22.8,16.3,79.3,0.0,False,SENAMHI_SIMULADO_LIMA,2026-05-31 02:43:34.222205,2026-05-31 02:43:34.222205,postgres
2024-12-03,2024,12,4,2,Tuesday,False,False,,False,False,Verano,17.4,20.3,14.8,75.7,0.0,False,SENAMHI_SIMULADO_LIMA,2026-05-31 02:43:34.222205,2026-05-31 02:43:34.222205,postgres
2024-12-04,2024,12,4,3,Wednesday,False,False,,False,False,Verano,20.0,24.7,16.8,76.2,0.0,False,SENAMHI_SIMULADO_LIMA,2026-05-31 02:43:34.222205,2026-05-31 02:43:34.222205,postgres
2024-12-05,2024,12,4,4,Thursday,False,False,,False,False,Verano,20.0,22.5,16.8,74.8,0.0,False,SENAMHI_SIMULADO_LIMA,2026-05-31 02:43:34.222205,2026-05-31 02:43:34.222205,postgres
2024-12-06,2024,12,4,5,Friday,False,False,,False,False,Verano,18.3,22.4,16.1,89.6,0.0,False,SENAMHI_SIMULADO_LIMA,2026-05-31 02:43:34.222205,2026-05-31 02:43:34.222205,postgres
2024-12-07,2024,12,4,6,Saturday,True,False,,False,False,Verano,20.3,24.3,16.9,85.1,0.0,False,SENAMHI_SIMULADO_LIMA,2026-05-31 02:43:34.222205,2026-05-31 02:43:34.222205,postgres
2024-12-08,2024,12,4,7,Sunday,True,True,Inmaculada Concepcion,False,False,Verano,19.5,23.2,17.3,76.1,0.0,False,SENAMHI_SIMULADO_LIMA,2026-05-31 02:43:34.222205,2026-05-31 02:43:34.222205,postgres
2024-12-09,2024,12,4,1,Monday,False,False,,False,False,Verano,19.8,24.1,16.2,75.4,0.0,False,SENAMHI_SIMULADO_LIMA,2026-05-31 02:43:34.222205,2026-05-31 02:43:34.222205,postgres
2024-12-10,2024,12,4,2,Tuesday,False,False,,False,False,Verano,18.0,21.4,15.2,78.8,0.0,False,SENAMHI_SIMULADO_LIMA,2026-05-31 02:43:34.222205,2026-05-31 02:43:34.222205,postgres
2024-12-11,2024,12,4,3,Wednesday,False,False,,False,False,Verano,19.4,23.7,15.4,72.9,0.0,False,SENAMHI_SIMULADO_LIMA,2026-05-31 02:43:34.222205,2026-05-31 02:43:34.222205,postgres
2024-12-12,2024,12,4,4,Thursday,False,False,,False,False,Verano,18.3,22.4,14.7,86.8,0.0,False,SENAMHI_SIMULADO_LIMA,2026-05-31 02:43:34.222205,2026-05-31 02:43:34.222205,postgres
2024-12-13,2024,12,4,5,Friday,False,False,,False,False,Verano,20.1,23.5,16.9,76.5,0.0,False,SENAMHI_SIMULADO_LIMA,2026-05-31 02:43:34.222205,2026-05-31 02:43:34.222205,postgres
2024-12-14,2024,12,4,6,Saturday,True,False,,False,False,Verano,18.8,22.2,16.8,74.4,2.5,False,SENAMHI_SIMULADO_LIMA,2026-05-31 02:43:34.222205,2026-05-31 02:43:34.222205,postgres
2024-12-15,2024,12,4,7,Sunday,True,False,,True,False,Verano,19.4,22.6,15.5,71.3,0.0,False,SENAMHI_SIMULADO_LIMA,2026-05-31 02:43:34.222205,2026-05-31 02:43:34.222205,postgres
2024-12-16,2024,12,4,1,Monday,False,False,,False,False,Verano,20.2,24.8,17.8,76.9,0.0,False,SENAMHI_SIMULADO_LIMA,2026-05-31 02:43:34.222205,2026-05-31 02:43:34.222205,postgres
2024-12-17,2024,12,4,2,Tuesday,False,False,,False,False,Verano,18.5,21.3,16.3,67.7,0.0,False,SENAMHI_SIMULADO_LIMA,2026-05-31 02:43:34.222205,2026-05-31 02:43:34.222205,postgres
2024-12-18,2024,12,4,3,Wednesday,False,False,,False,False,Verano,17.2,21.5,13.6,79.7,0.0,False,SENAMHI_SIMULADO_LIMA,2026-05-31 02:43:34.222205,2026-05-31 02:43:34.222205,postgres
2024-12-19,2024,12,4,4,Thursday,False,False,,False,False,Verano,18.7,23.1,15.4,80.1,0.0,False,SENAMHI_SIMULADO_LIMA,2026-05-31 02:43:34.222205,2026-05-31 02:43:34.222205,postgres
2024-12-20,2024,12,4,5,Friday,False,False,,False,False,Verano,18.8,22.0,15.0,75.3,0.0,False,SENAMHI_SIMULADO_LIMA,2026-05-31 02:43:34.222205,2026-05-31 02:43:34.222205,postgres
2024-12-21,2024,12,4,6,Saturday,True,False,,False,False,Verano,20.4,24.0,16.9,74.2,0.0,False,SENAMHI_SIMULADO_LIMA,2026-05-31 02:43:34.222205,2026-05-31 02:43:34.222205,postgres
2024-12-22,2024,12,4,7,Sunday,True,False,,False,False,Verano,19.3,22.0,15.5,78.3,0.0,False,SENAMHI_SIMULADO_LIMA,2026-05-31 02:43:34.222205,2026-05-31 02:43:34.222205,postgres
2024-12-23,2024,12,4,1,Monday,False,False,,False,False,Verano,17.9,21.3,14.1,83.2,2.0,False,SENAMHI_SIMULADO_LIMA,2026-05-31 02:43:34.222205,2026-05-31 02:43:34.222205,postgres
2024-12-24,2024,12,4,2,Tuesday,False,False,,False,False,Verano,20.0,24.8,17.8,79.9,0.0,False,SENAMHI_SIMULADO_LIMA,2026-05-31 02:43:34.222205,2026-05-31 02:43:34.222205,postgres
2024-12-25,2024,12,4,3,Wednesday,False,True,Navidad,False,False,Verano,20.7,25.6,18.2,73.5,0.0,False,SENAMHI_SIMULADO_LIMA,2026-05-31 02:43:34.222205,2026-05-31 02:43:34.222205,postgres
2024-12-26,2024,12,4,4,Thursday,False,False,,False,False,Verano,20.3,23.9,16.3,72.1,0.0,False,SENAMHI_SIMULADO_LIMA,2026-05-31 02:43:34.222205,2026-05-31 02:43:34.222205,postgres
2024-12-27,2024,12,4,5,Friday,False,False,,False,False,Verano,19.5,22.3,17.0,77.0,0.0,False,SENAMHI_SIMULADO_LIMA,2026-05-31 02:43:34.222205,2026-05-31 02:43:34.222205,postgres
2024-12-28,2024,12,4,6,Saturday,True,False,,False,False,Verano,20.4,24.2,18.1,82.1,0.0,False,SENAMHI_SIMULADO_LIMA,2026-05-31 02:43:34.222205,2026-05-31 02:43:34.222205,postgres
2024-12-29,2024,12,4,7,Sunday,True,False,,False,False,Verano,20.0,24.3,16.9,78.4,0.0,False,SENAMHI_SIMULADO_LIMA,2026-05-31 02:43:34.222205,2026-05-31 02:43:34.222205,postgres
2024-12-30,2024,12,4,1,Monday,False,False,,True,False,Verano,19.5,22.4,15.6,66.6,0.0,False,SENAMHI_SIMULADO_LIMA,2026-05-31 02:43:34.222205,2026-05-31 02:43:34.222205,postgres
2024-12-31,2024,12,4,2,Tuesday,False,False,,True,True,Verano,20.1,23.6,16.8,85.8,0.0,False,SENAMHI_SIMULADO_LIMA,2026-05-31 02:43:34.222205,2026-05-31 02:43:34.222205,postgres
